[
  {
    "id": "d19da430-6141-4ed4-984b-b749926a61ab",
    "data": [
      {
        "text": "it\u0027s not a problem",
        "userDefined": false
      }
    ],
    "isTemplate": false,
    "count": 0,
    "updated": 1540301325
  },
  {
    "id": "459f5e24-e179-474e-9334-fe962889eb13",
    "data": [
      {
        "text": "it\u0027s no problem",
        "userDefined": false
      }
    ],
    "isTemplate": false,
    "count": 0,
    "updated": 1540301325
  },
  {
    "id": "dd6ffff2-8e7b-41eb-8757-303f1ce5eee1",
    "data": [
      {
        "text": "no probs",
        "userDefined": false
      }
    ],
    "isTemplate": false,
    "count": 0,
    "updated": 1540301325
  },
  {
    "id": "34172204-28f9-4102-8081-8e3d5534cb37",
    "data": [
      {
        "text": "no worries",
        "userDefined": false
      }
    ],
    "isTemplate": false,
    "count": 0,
    "updated": 1540301325
  },
  {
    "id": "7170f78e-ee0d-47fb-a882-d31252cba3eb",
    "data": [
      {
        "text": "no problem about that",
        "userDefined": false
      }
    ],
    "isTemplate": false,
    "count": 0,
    "updated": 1540301325
  },
  {
    "id": "d100caa1-0da1-4767-8879-f0e561f9f22c",
    "data": [
      {
        "text": "No problem with that",
        "userDefined": false
      }
    ],
    "isTemplate": false,
    "count": 0,
    "updated": 1540301325
  },
  {
    "id": "a0216ad9-f6e9-4a31-a399-fcb441103917",
    "data": [
      {
        "text": "sure no problem",
        "userDefined": false
      }
    ],
    "isTemplate": false,
    "count": 0,
    "updated": 1540301325
  },
  {
    "id": "4fc1024b-5890-444b-9946-3291e49816d7",
    "data": [
      {
        "text": "no problem",
        "userDefined": false
      }
    ],
    "isTemplate": false,
    "count": 0,
    "updated": 1540301325
  },
  {
    "id": "b0e32d21-f424-4623-989e-dcf1b82f1d98",
    "data": [
      {
        "text": "don\u0027t worry about it",
        "userDefined": false
      }
    ],
    "isTemplate": false,
    "count": 0,
    "updated": 1540301325
  },
  {
    "id": "3efabbeb-6c73-4324-9501-3b733b5c7120",
    "data": [
      {
        "text": "not to worry",
        "userDefined": false
      }
    ],
    "isTemplate": false,
    "count": 0,
    "updated": 1540301325
  },
  {
    "id": "b9950e48-bcb8-40f9-b0e9-8a09a4f42dee",
    "data": [
      {
        "text": "Don\u0027t worry",
        "userDefined": false
      }
    ],
    "isTemplate": false,
    "count": 0,
    "updated": 1540301325
  }
]