[
  {
    "id": "965fb5f3-2f53-4342-af62-fcdd83f08072",
    "data": [
      {
        "text": "test",
        "userDefined": false
      }
    ],
    "isTemplate": false,
    "count": 0,
    "updated": 1540299838
  },
  {
    "id": "77728e7c-875e-42a6-846d-4894df93f5d9",
    "data": [
      {
        "text": "I am testing ",
        "userDefined": false
      },
      {
        "text": "you",
        "meta": "@sys.ignore",
        "userDefined": false
      }
    ],
    "isTemplate": false,
    "count": 0,
    "updated": 1540299838
  },
  {
    "id": "cf1baa9e-ff4b-4177-9dcf-41fbb7cb9430",
    "data": [
      {
        "text": "I want to test ",
        "userDefined": false
      },
      {
        "text": "you",
        "meta": "@sys.ignore",
        "userDefined": false
      }
    ],
    "isTemplate": false,
    "count": 0,
    "updated": 1540299838
  },
  {
    "id": "af457f51-6439-4718-ab9d-be500c927aa8",
    "data": [
      {
        "text": "Does this work?",
        "userDefined": false
      }
    ],
    "isTemplate": false,
    "count": 0,
    "updated": 1540299838
  },
  {
    "id": "7ed31d1c-4ded-4281-bd2c-d02417c1db5d",
    "data": [
      {
        "text": "testing bot",
        "meta": "@sys.ignore",
        "userDefined": false
      }
    ],
    "isTemplate": false,
    "count": 0,
    "updated": 1540300490
  },
  {
    "id": "dd190038-db9c-4048-bb71-3ceb499f163e",
    "data": [
      {
        "text": "let me test ",
        "userDefined": false
      },
      {
        "text": "you",
        "meta": "@sys.ignore",
        "userDefined": false
      }
    ],
    "isTemplate": false,
    "count": 0,
    "updated": 1540299838
  },
  {
    "id": "848df2ad-af33-4e0b-8f91-ea36cecb28aa",
    "data": [
      {
        "text": "just testing ",
        "userDefined": false
      },
      {
        "text": "you",
        "meta": "@sys.ignore",
        "userDefined": false
      }
    ],
    "isTemplate": false,
    "count": 0,
    "updated": 1540299838
  },
  {
    "id": "6e3e36d1-7ee6-4e78-a227-136d0fc9f992",
    "data": [
      {
        "text": "can I test ",
        "userDefined": false
      },
      {
        "text": "you",
        "meta": "@sys.ignore",
        "userDefined": false
      }
    ],
    "isTemplate": false,
    "count": 0,
    "updated": 1540299838
  },
  {
    "id": "590068d0-ec92-4a2b-a120-9aa3d7ca677f",
    "data": [
      {
        "text": "are ",
        "userDefined": false
      },
      {
        "text": "you",
        "meta": "@sys.ignore",
        "userDefined": false
      },
      {
        "text": " sure",
        "userDefined": false
      }
    ],
    "isTemplate": false,
    "count": 0,
    "updated": 1540299838
  },
  {
    "id": "a3fc19c5-26b5-439c-8057-e3ea587c947e",
    "data": [
      {
        "text": "I\u0027m going to test",
        "userDefined": false
      }
    ],
    "isTemplate": false,
    "count": 0,
    "updated": 1540299838
  },
  {
    "id": "f256e2bd-63cb-44ae-884d-32cf9b1f2063",
    "data": [
      {
        "text": "I\u0027ll test",
        "userDefined": false
      }
    ],
    "isTemplate": false,
    "count": 0,
    "updated": 1537585995
  },
  {
    "id": "0981582f-0d62-4005-9922-266fc4195095",
    "data": [
      {
        "text": "let me test",
        "userDefined": false
      }
    ],
    "isTemplate": false,
    "count": 0,
    "updated": 1537585995
  },
  {
    "id": "b8e305f9-0c97-4f68-825c-9cd444b1cfae",
    "data": [
      {
        "text": "testing ",
        "userDefined": false
      },
      {
        "text": "123",
        "alias": "number",
        "meta": "@sys.number",
        "userDefined": false
      }
    ],
    "isTemplate": false,
    "count": 0,
    "updated": 1537585995
  },
  {
    "id": "0b61caf6-8401-4b41-9a4b-ae2939c6df69",
    "data": [
      {
        "text": "testing",
        "userDefined": false
      }
    ],
    "isTemplate": false,
    "count": 0,
    "updated": 1537585995
  },
  {
    "id": "25c13be6-46c9-42e1-b485-ad337504fc8d",
    "data": [
      {
        "text": "this is a test",
        "userDefined": false
      }
    ],
    "isTemplate": false,
    "count": 1,
    "updated": 1537585995
  },
  {
    "id": "327d858f-1bd6-4999-81d1-f074683e9d26",
    "data": [
      {
        "text": "let\u0027s test this",
        "userDefined": false
      }
    ],
    "isTemplate": false,
    "count": 0,
    "updated": 1537585995
  },
  {
    "id": "a8b04ad2-7f8b-495a-a044-012314778119",
    "data": [
      {
        "text": "I will test it",
        "userDefined": false
      }
    ],
    "isTemplate": false,
    "count": 0,
    "updated": 1537585995
  },
  {
    "id": "96581b38-747e-4a3c-b756-97608e10f59f",
    "data": [
      {
        "text": "I will test ",
        "userDefined": false
      },
      {
        "text": "you",
        "meta": "@sys.ignore",
        "userDefined": false
      }
    ],
    "isTemplate": false,
    "count": 0,
    "updated": 1540299838
  },
  {
    "id": "a286ef02-d269-4e48-a1e9-59aee03d140f",
    "data": [
      {
        "text": "do ",
        "userDefined": false
      },
      {
        "text": "you",
        "meta": "@sys.ignore",
        "userDefined": false
      },
      {
        "text": " want to eat",
        "userDefined": false
      }
    ],
    "isTemplate": false,
    "count": 0,
    "updated": 1540299838
  },
  {
    "id": "62a6f300-84c1-4c80-a9ee-aef89e1ac7fd",
    "data": [
      {
        "text": "are ",
        "userDefined": false
      },
      {
        "text": "you",
        "meta": "@sys.ignore",
        "userDefined": false
      },
      {
        "text": " hungry",
        "userDefined": false
      }
    ],
    "isTemplate": false,
    "count": 0,
    "updated": 1540299838
  },
  {
    "id": "8fed3634-d108-4c41-b8db-dfeb16155dc5",
    "data": [
      {
        "text": "would ",
        "userDefined": false
      },
      {
        "text": "you",
        "meta": "@sys.ignore",
        "userDefined": false
      },
      {
        "text": " like to eat?",
        "userDefined": false
      }
    ],
    "isTemplate": false,
    "count": 0,
    "updated": 1540299838
  },
  {
    "id": "7a3b40b2-50d6-414a-afce-6425bdd4cd48",
    "data": [
      {
        "text": "news for ",
        "userDefined": false
      },
      {
        "text": "Toronto",
        "alias": "geo-city",
        "meta": "@sys.geo-city",
        "userDefined": false
      }
    ],
    "isTemplate": false,
    "count": 1,
    "updated": 1537396478
  },
  {
    "id": "0f2a1e85-df57-43d0-bac0-8034a9caece9",
    "data": [
      {
        "text": "Can you tell me the news?",
        "userDefined": false
      }
    ],
    "isTemplate": false,
    "count": 0,
    "updated": 1537396478
  },
  {
    "id": "3589e670-ea4e-4de9-93b9-74e61bb59165",
    "data": [
      {
        "text": "What is the latest news?",
        "userDefined": false
      }
    ],
    "isTemplate": false,
    "count": 1,
    "updated": 1537396478
  },
  {
    "id": "9a64d414-6ac1-4e26-88c7-3592b02083af",
    "data": [
      {
        "text": "what time is it?",
        "userDefined": false
      }
    ],
    "isTemplate": false,
    "count": 0,
    "updated": 1537396478
  },
  {
    "id": "7ca51a1b-8f27-4a68-8607-4bc852e29eb6",
    "data": [
      {
        "text": "do you have the time?",
        "userDefined": false
      }
    ],
    "isTemplate": false,
    "count": 0,
    "updated": 1537396478
  },
  {
    "id": "f5b45092-7679-48ae-8e5e-a5f6530f90f0",
    "data": [
      {
        "text": "tell me the time",
        "userDefined": false
      }
    ],
    "isTemplate": false,
    "count": 0,
    "updated": 1537396478
  },
  {
    "id": "4a256c1f-1ec8-43ee-9ee6-6789eb8aa9db",
    "data": [
      {
        "text": "I need the time",
        "userDefined": false
      }
    ],
    "isTemplate": false,
    "count": 0,
    "updated": 1537396478
  },
  {
    "id": "da8aa598-5965-4dfb-a6dd-88850067396c",
    "data": [
      {
        "text": "Do ",
        "userDefined": false
      },
      {
        "text": "you",
        "meta": "@sys.ignore",
        "userDefined": false
      },
      {
        "text": " know the time?",
        "userDefined": false
      }
    ],
    "isTemplate": false,
    "count": 0,
    "updated": 1540299838
  },
  {
    "id": "eaf7f898-d13a-4440-aa42-c6545381c454",
    "data": [
      {
        "text": "What day is it?",
        "userDefined": false
      }
    ],
    "isTemplate": false,
    "count": 0,
    "updated": 1537396478
  },
  {
    "id": "3848c833-bf34-4212-98fc-b07ab87ab866",
    "data": [
      {
        "text": "What is the weather in ",
        "userDefined": false
      },
      {
        "text": "Canada",
        "alias": "geo-country",
        "meta": "@sys.geo-country",
        "userDefined": false
      },
      {
        "text": "?",
        "userDefined": false
      }
    ],
    "isTemplate": false,
    "count": 0,
    "updated": 1537396478
  },
  {
    "id": "6f184ce4-54e0-4ff3-adc7-eb6009ffc2a9",
    "data": [
      {
        "text": "do ",
        "userDefined": false
      },
      {
        "text": "you",
        "meta": "@sys.ignore",
        "userDefined": false
      },
      {
        "text": " know the weather",
        "userDefined": false
      }
    ],
    "isTemplate": false,
    "count": 0,
    "updated": 1540299838
  },
  {
    "id": "e520bb9d-fb11-4cd0-a500-3641446ee80d",
    "data": [
      {
        "text": "weather",
        "userDefined": false
      }
    ],
    "isTemplate": false,
    "count": 0,
    "updated": 1537249351
  },
  {
    "id": "5c80a165-add7-417b-99d3-b3c0596bf01b",
    "data": [
      {
        "text": "can ",
        "userDefined": false
      },
      {
        "text": "you",
        "meta": "@sys.ignore",
        "userDefined": true
      },
      {
        "text": " tell me the weather",
        "userDefined": false
      }
    ],
    "isTemplate": false,
    "count": 0,
    "updated": 1540299838
  },
  {
    "id": "cbf992bd-fc62-4846-b67e-65bee5e2812c",
    "data": [
      {
        "text": "What\u0027s the weather?",
        "userDefined": false
      }
    ],
    "isTemplate": false,
    "count": 0,
    "updated": 1537249351
  },
  {
    "id": "2d48e6fc-b608-4af7-a852-780ae471e961",
    "data": [
      {
        "text": "what\u0027s the weather down south?",
        "userDefined": false
      }
    ],
    "isTemplate": false,
    "count": 0,
    "updated": 1537249351
  },
  {
    "id": "59638d1f-0036-4531-a249-25f03a5423d2",
    "data": [
      {
        "text": "what\u0027s the weather in ",
        "userDefined": false
      },
      {
        "text": "san fran",
        "alias": "geo-city",
        "meta": "@sys.geo-city",
        "userDefined": true
      }
    ],
    "isTemplate": false,
    "count": 0,
    "updated": 1537249351
  },
  {
    "id": "ddfa5607-5a3f-408b-9972-52eef2dd643f",
    "data": [
      {
        "text": "what\u0027s the weather in ",
        "userDefined": false
      },
      {
        "text": "san francisco",
        "alias": "geo-city",
        "meta": "@sys.geo-city",
        "userDefined": true
      },
      {
        "text": "?",
        "userDefined": false
      }
    ],
    "isTemplate": false,
    "count": 0,
    "updated": 1537249351
  },
  {
    "id": "852a3990-e01e-4b2f-8910-70129dcb3070",
    "data": [
      {
        "text": "what is the weather in ",
        "userDefined": false
      },
      {
        "text": "montreal",
        "alias": "geo-city",
        "meta": "@sys.geo-city",
        "userDefined": true
      }
    ],
    "isTemplate": false,
    "count": 0,
    "updated": 1537249351
  },
  {
    "id": "1c9a6769-744d-48a9-8285-c75c935390a4",
    "data": [
      {
        "text": "weather please",
        "userDefined": false
      }
    ],
    "isTemplate": false,
    "count": 0,
    "updated": 1537249351
  },
  {
    "id": "73f29b55-768f-460a-8aaf-eb0009473ad3",
    "data": [
      {
        "text": "what\u0027s the weather in ",
        "userDefined": false
      },
      {
        "text": "texas",
        "alias": "geo-city",
        "meta": "@sys.geo-city",
        "userDefined": true
      },
      {
        "text": "?",
        "userDefined": false
      }
    ],
    "isTemplate": false,
    "count": 0,
    "updated": 1527402361
  }
]