[
  {
    "id": "c069abbb-4075-4f59-8352-f9d70d74c6f3",
    "data": [
      {
        "text": "why not",
        "userDefined": false
      }
    ],
    "isTemplate": false,
    "count": 1,
    "updated": 1537517656
  },
  {
    "id": "7f4dfefb-43fe-444d-a779-463e47df8147",
    "data": [
      {
        "text": "Okay",
        "userDefined": false
      }
    ],
    "isTemplate": false,
    "count": 0,
    "updated": 1537517656
  },
  {
    "id": "e5b2685b-e90f-4e30-8fba-e9a99ac4f9b1",
    "data": [
      {
        "text": "kk",
        "userDefined": false
      }
    ],
    "isTemplate": false,
    "count": 0,
    "updated": 1537517656
  },
  {
    "id": "1743b8ce-6f4d-481e-b9a3-a4a82260dd68",
    "data": [
      {
        "text": "yaass",
        "userDefined": false
      }
    ],
    "isTemplate": false,
    "count": 0,
    "updated": 1537374829
  },
  {
    "id": "f981a9b0-52df-463a-b9c6-9e9eb9838c39",
    "data": [
      {
        "text": "yes",
        "userDefined": false
      }
    ],
    "isTemplate": false,
    "count": 0,
    "updated": 1537517656
  },
  {
    "id": "0cee5f1b-ffa6-4315-83df-09478044771c",
    "data": [
      {
        "text": "Got it",
        "userDefined": false
      }
    ],
    "isTemplate": false,
    "count": 0,
    "updated": 1537517656
  },
  {
    "id": "0bbd40fd-a544-4fac-8aa3-8091fd09b423",
    "data": [
      {
        "text": "makes sense",
        "userDefined": false
      }
    ],
    "isTemplate": false,
    "count": 0,
    "updated": 1537517656
  },
  {
    "id": "de7b10e6-1dce-4e70-943c-2ca9a957fe16",
    "data": [
      {
        "text": "Cool",
        "userDefined": false
      }
    ],
    "isTemplate": false,
    "count": 0,
    "updated": 1537517656
  },
  {
    "id": "528eba20-2672-46ab-966c-7d3b05431389",
    "data": [
      {
        "text": "Awesome",
        "userDefined": false
      }
    ],
    "isTemplate": false,
    "count": 0,
    "updated": 1537517656
  },
  {
    "id": "21bfb059-f867-458d-929e-e45277a7b30b",
    "data": [
      {
        "text": "OK",
        "userDefined": false
      }
    ],
    "isTemplate": false,
    "count": 0,
    "updated": 1537517656
  },
  {
    "id": "fe63f92a-147d-49b6-9f33-962c4bdf6bea",
    "data": [
      {
        "text": "sure",
        "userDefined": false
      }
    ],
    "isTemplate": false,
    "count": 0,
    "updated": 1537517656
  },
  {
    "id": "e5e5ec91-beab-4ad1-b5c2-f6df855e14a7",
    "data": [
      {
        "text": "Sweet",
        "userDefined": false
      }
    ],
    "isTemplate": false,
    "count": 0,
    "updated": 1537517656
  },
  {
    "id": "5faca262-7f68-4b5e-8628-d87ceb38f6ec",
    "data": [
      {
        "text": "yup",
        "userDefined": false
      }
    ],
    "isTemplate": false,
    "count": 0,
    "updated": 1537517656
  },
  {
    "id": "f928ef1b-d891-4c67-9816-8ed4aa4ef12b",
    "data": [
      {
        "text": "Perfect",
        "userDefined": false
      }
    ],
    "isTemplate": false,
    "count": 0,
    "updated": 1537517656
  },
  {
    "id": "a2b71abe-a7f9-494c-a311-15a32a591c24",
    "data": [
      {
        "text": "Okay I will check it.",
        "userDefined": false
      }
    ],
    "isTemplate": false,
    "count": 0,
    "updated": 1537517656
  }
]