[
  {
    "id": "577fbd85-c47e-441e-aac6-61853aa1f055",
    "data": [
      {
        "text": "much appreciated",
        "userDefined": false
      }
    ],
    "isTemplate": false,
    "count": 0,
    "updated": 1540301379
  },
  {
    "id": "09618161-0a66-41b5-8c79-77484be28d28",
    "data": [
      {
        "text": " that\u0027s appreciated",
        "userDefined": false
      }
    ],
    "isTemplate": false,
    "count": 0,
    "updated": 1540301379
  },
  {
    "id": "239b3c5b-b28b-4b16-a799-23e55c161c7c",
    "data": [
      {
        "text": "It\u0027s appreciated",
        "userDefined": false
      }
    ],
    "isTemplate": false,
    "count": 0,
    "updated": 1540301379
  },
  {
    "id": "8b474ec1-8086-4696-b46f-f1e8222be597",
    "data": [
      {
        "text": "awesome service",
        "userDefined": false
      }
    ],
    "isTemplate": false,
    "count": 0,
    "updated": 1540301379
  },
  {
    "id": "8b885325-7f71-43ae-9e28-ca98c843e359",
    "data": [
      {
        "text": "Amazing service",
        "userDefined": false
      }
    ],
    "isTemplate": false,
    "count": 0,
    "updated": 1540301379
  },
  {
    "id": "17638571-f1d2-4115-8471-8f64ed81e0b6",
    "data": [
      {
        "text": "thx for ",
        "userDefined": false
      },
      {
        "text": "your",
        "meta": "@sys.ignore",
        "userDefined": false
      },
      {
        "text": " ",
        "userDefined": false
      },
      {
        "text": "help",
        "meta": "@sys.ignore",
        "userDefined": false
      }
    ],
    "isTemplate": false,
    "count": 0,
    "updated": 1540301379
  },
  {
    "id": "10dc72b3-8af1-41e0-ba79-8f82b94815f3",
    "data": [
      {
        "text": "appreciate all the ",
        "userDefined": false
      },
      {
        "text": "help",
        "meta": "@sys.ignore",
        "userDefined": false
      }
    ],
    "isTemplate": false,
    "count": 0,
    "updated": 1540301379
  },
  {
    "id": "fb194f72-202f-4288-b233-194bf7378637",
    "data": [
      {
        "text": "thanks so much",
        "userDefined": false
      }
    ],
    "isTemplate": false,
    "count": 2,
    "updated": 1540301379
  },
  {
    "id": "c43c05ba-f876-4dbf-abc0-b34e169fc798",
    "data": [
      {
        "text": "Cool. Thank you.  I really like what you\u0027re doing.",
        "userDefined": false
      }
    ],
    "isTemplate": false,
    "count": 1,
    "updated": 1540301379
  },
  {
    "id": "8c62b9fd-de90-48bd-84f8-63e284940c6c",
    "data": [
      {
        "text": "cheers",
        "meta": "@sys.ignore",
        "userDefined": true
      }
    ],
    "isTemplate": false,
    "count": 0,
    "updated": 0
  },
  {
    "id": "232bf9ee-2a3a-4842-b84c-d4712c2756bc",
    "data": [
      {
        "text": "thanks a lot",
        "userDefined": false
      }
    ],
    "isTemplate": false,
    "count": 2,
    "updated": 1540301379
  },
  {
    "id": "71ddc7ce-6c53-4b2a-8d74-301a345121e5",
    "data": [
      {
        "text": "good",
        "meta": "@sys.ignore",
        "userDefined": true
      },
      {
        "text": " thanks",
        "userDefined": false
      }
    ],
    "isTemplate": false,
    "count": 0,
    "updated": 1540301379
  },
  {
    "id": "8b2064cb-1c55-4592-8b1b-078871cf8317",
    "data": [
      {
        "text": "thanx",
        "userDefined": false
      }
    ],
    "isTemplate": false,
    "count": 0,
    "updated": 1537429537
  },
  {
    "id": "a787eb60-cb79-48d8-b126-2c4c1e1eebc0",
    "data": [
      {
        "text": "alright ",
        "userDefined": false
      },
      {
        "text": "thank you",
        "meta": "@sys.ignore",
        "userDefined": true
      }
    ],
    "isTemplate": false,
    "count": 1,
    "updated": 1537429537
  },
  {
    "id": "dc927166-a3ae-4976-9426-201e1c7447ae",
    "data": [
      {
        "text": "appreciate your help",
        "userDefined": false
      }
    ],
    "isTemplate": false,
    "count": 0,
    "updated": 0
  },
  {
    "id": "84fc9dd5-db7b-415d-aade-8624b82d5c80",
    "data": [
      {
        "text": "nice",
        "meta": "@sys.ignore",
        "userDefined": true
      },
      {
        "text": " ",
        "userDefined": false
      },
      {
        "text": "thank you",
        "meta": "@sys.ignore",
        "userDefined": true
      }
    ],
    "isTemplate": false,
    "count": 0,
    "updated": 0
  },
  {
    "id": "5c66d70b-6201-4511-8709-4bc62561eeb5",
    "data": [
      {
        "text": "thank you",
        "meta": "@sys.ignore",
        "userDefined": true
      },
      {
        "text": " again",
        "userDefined": false
      }
    ],
    "isTemplate": false,
    "count": 0,
    "updated": 0
  },
  {
    "id": "ae460797-4091-4cd8-8a80-9ef3686ddd87",
    "data": [
      {
        "text": "alright thanks",
        "userDefined": false
      }
    ],
    "isTemplate": false,
    "count": 0,
    "updated": 0
  },
  {
    "id": "edc6b821-0be3-4dc7-9c2d-9a9938d46552",
    "data": [
      {
        "text": "no ",
        "userDefined": false
      },
      {
        "text": "thank you",
        "meta": "@sys.ignore",
        "userDefined": true
      },
      {
        "text": " that\u0027s ",
        "userDefined": false
      },
      {
        "text": "all",
        "meta": "@sys.ignore",
        "userDefined": true
      }
    ],
    "isTemplate": false,
    "count": 0,
    "updated": 0
  },
  {
    "id": "7b9f8bba-aa29-4d0b-a272-ed29d9b00339",
    "data": [
      {
        "text": "I ",
        "userDefined": false
      },
      {
        "text": "thank you",
        "meta": "@sys.ignore",
        "userDefined": true
      }
    ],
    "isTemplate": false,
    "count": 0,
    "updated": 0
  },
  {
    "id": "015c7110-dc3f-4142-a648-200994850123",
    "data": [
      {
        "text": "thanks",
        "userDefined": false
      }
    ],
    "isTemplate": false,
    "count": 0,
    "updated": 0
  },
  {
    "id": "cbfe636b-3fcd-4fc2-91ea-344c98ff9eef",
    "data": [
      {
        "text": "thank you",
        "meta": "@sys.ignore",
        "userDefined": true
      },
      {
        "text": " that ",
        "userDefined": false
      },
      {
        "text": "will",
        "meta": "@sys.ignore",
        "userDefined": true
      },
      {
        "text": " be ",
        "userDefined": false
      },
      {
        "text": "all",
        "meta": "@sys.ignore",
        "userDefined": true
      }
    ],
    "isTemplate": false,
    "count": 0,
    "updated": 0
  },
  {
    "id": "111ed974-cc0a-47d9-a8cd-b7375c08cb15",
    "data": [
      {
        "text": "thanks buddy",
        "userDefined": false
      }
    ],
    "isTemplate": false,
    "count": 0,
    "updated": 0
  },
  {
    "id": "ebe39c2b-7f1a-4ebe-80b1-7b4a7b6c908c",
    "data": [
      {
        "text": "great ",
        "userDefined": false
      },
      {
        "text": "thank you",
        "meta": "@sys.ignore",
        "userDefined": true
      }
    ],
    "isTemplate": false,
    "count": 0,
    "updated": 0
  },
  {
    "id": "622e5275-0c1e-4fb6-95be-71610b7be488",
    "data": [
      {
        "text": "well thank you",
        "userDefined": false
      }
    ],
    "isTemplate": false,
    "count": 0,
    "updated": 0
  },
  {
    "id": "4dcc3da9-a3a0-4176-9e66-54deb5fce1b6",
    "data": [
      {
        "text": "thank you",
        "meta": "@sys.ignore",
        "userDefined": true
      },
      {
        "text": " so much",
        "userDefined": false
      }
    ],
    "isTemplate": false,
    "count": 0,
    "updated": 0
  },
  {
    "id": "68c05d94-385e-40b6-9e0d-26f3c069671e",
    "data": [
      {
        "text": "well",
        "meta": "@sys.ignore",
        "userDefined": true
      },
      {
        "text": " thanks",
        "userDefined": false
      }
    ],
    "isTemplate": false,
    "count": 0,
    "updated": 0
  },
  {
    "id": "ec662767-63e9-4003-90fc-8db1c77a283f",
    "data": [
      {
        "text": "thnx",
        "userDefined": false
      }
    ],
    "isTemplate": false,
    "count": 0,
    "updated": 0
  },
  {
    "id": "7662b51b-8ebe-4f54-bb02-26305e92261a",
    "data": [
      {
        "text": "thank you",
        "meta": "@sys.ignore",
        "userDefined": true
      },
      {
        "text": " ",
        "userDefined": false
      },
      {
        "text": "my friend",
        "meta": "@sys.ignore",
        "userDefined": true
      }
    ],
    "isTemplate": false,
    "count": 0,
    "updated": 0
  },
  {
    "id": "6fc55c57-35f8-4275-8f38-45e7193a4fb4",
    "data": [
      {
        "text": "so ",
        "userDefined": false
      },
      {
        "text": "nice",
        "meta": "@sys.ignore",
        "userDefined": true
      },
      {
        "text": " of you",
        "userDefined": false
      }
    ],
    "isTemplate": false,
    "count": 0,
    "updated": 0
  },
  {
    "id": "e6f2ced8-bc75-4059-9338-040c26269c2b",
    "data": [
      {
        "text": "thank you",
        "meta": "@sys.ignore",
        "userDefined": true
      },
      {
        "text": " for ",
        "userDefined": false
      },
      {
        "text": "your",
        "meta": "@sys.ignore",
        "userDefined": true
      },
      {
        "text": " help",
        "userDefined": false
      }
    ],
    "isTemplate": false,
    "count": 1,
    "updated": 0
  },
  {
    "id": "48be42e3-e3b0-45cd-8d06-473a8c8283b7",
    "data": [
      {
        "text": "I appreciate ",
        "userDefined": false
      },
      {
        "text": "it",
        "meta": "@sys.ignore",
        "userDefined": true
      }
    ],
    "isTemplate": false,
    "count": 0,
    "updated": 0
  },
  {
    "id": "a3e66095-f1dd-48cc-bb54-fd0223a09328",
    "data": [
      {
        "text": "Thanks for the help!",
        "userDefined": false
      }
    ],
    "isTemplate": false,
    "count": 0,
    "updated": 1497979757
  },
  {
    "id": "15ad7045-3efc-4ec3-856e-8e878bf34765",
    "data": [
      {
        "text": "thank you",
        "meta": "@sys.ignore",
        "userDefined": true
      }
    ],
    "isTemplate": false,
    "count": 0,
    "updated": 0
  },
  {
    "id": "1aa768db-47cb-4895-a570-ec204fb9e03b",
    "data": [
      {
        "text": "ok thx",
        "userDefined": false
      }
    ],
    "isTemplate": false,
    "count": 0,
    "updated": 1537426662
  },
  {
    "id": "422e5a63-84be-4aa8-a260-a4fa32429bb1",
    "data": [
      {
        "text": "I appreciate ",
        "userDefined": false
      },
      {
        "text": "your",
        "meta": "@sys.ignore",
        "userDefined": false
      },
      {
        "text": " ",
        "userDefined": false
      },
      {
        "text": "help",
        "meta": "@sys.ignore",
        "userDefined": false
      }
    ],
    "isTemplate": false,
    "count": 0,
    "updated": 1537426662
  },
  {
    "id": "dd087f56-7a10-4e8c-8a27-d4f648d90d56",
    "data": [
      {
        "text": "thanks for ",
        "userDefined": false
      },
      {
        "text": "your",
        "meta": "@sys.ignore",
        "userDefined": true
      },
      {
        "text": " help",
        "userDefined": false
      }
    ],
    "isTemplate": false,
    "count": 0,
    "updated": 0
  },
  {
    "id": "cbbd270e-6727-4301-be06-3c0ba058a28a",
    "data": [
      {
        "text": "🙏",
        "userDefined": false
      }
    ],
    "isTemplate": false,
    "count": 0,
    "updated": 1537426662
  },
  {
    "id": "daf2904b-46cc-4f86-8baa-12de50fa60f8",
    "data": [
      {
        "text": "thank ",
        "userDefined": false
      },
      {
        "text": "you",
        "meta": "@sys.ignore",
        "userDefined": true
      }
    ],
    "isTemplate": false,
    "count": 0,
    "updated": 0
  },
  {
    "id": "b7f329a2-f0f0-4aa4-a4c4-3274ea2f8dac",
    "data": [
      {
        "text": "much thanks",
        "userDefined": false
      }
    ],
    "isTemplate": false,
    "count": 0,
    "updated": 1537426662
  },
  {
    "id": "e119479f-2118-4260-a8eb-915cafe5b869",
    "data": [
      {
        "text": "many thanks",
        "userDefined": false
      }
    ],
    "isTemplate": false,
    "count": 0,
    "updated": 1537426662
  },
  {
    "id": "d68f0915-0891-4ba5-b4b1-e55674727614",
    "data": [
      {
        "text": "ty",
        "userDefined": false
      }
    ],
    "isTemplate": false,
    "count": 0,
    "updated": 1537426662
  },
  {
    "id": "71a6171b-a720-4289-8ede-399a3296cece",
    "data": [
      {
        "text": "thx",
        "userDefined": false
      }
    ],
    "isTemplate": false,
    "count": 0,
    "updated": 1505945055
  },
  {
    "id": "76a8b87f-c8c8-4865-97a0-e01e88ec9d20",
    "data": [
      {
        "text": "very ",
        "userDefined": false
      },
      {
        "text": "good",
        "meta": "@sys.ignore",
        "userDefined": true
      },
      {
        "text": " ",
        "userDefined": false
      },
      {
        "text": "thank you",
        "meta": "@sys.ignore",
        "userDefined": true
      }
    ],
    "isTemplate": false,
    "count": 0,
    "updated": 0
  },
  {
    "id": "089b2774-48b8-483c-9878-04be438f35b4",
    "data": [
      {
        "text": "perfect thank you",
        "userDefined": false
      }
    ],
    "isTemplate": false,
    "count": 0,
    "updated": 0
  },
  {
    "id": "b518135d-65ed-4a8d-b0a2-15d8a39e9366",
    "data": [
      {
        "text": "sure, np. thanks!",
        "userDefined": false
      }
    ],
    "isTemplate": false,
    "count": 0,
    "updated": 1498115380
  },
  {
    "id": "181e5626-9a91-4f15-b11a-80900c0e65fb",
    "data": [
      {
        "text": "terrific ",
        "userDefined": false
      },
      {
        "text": "thank you",
        "meta": "@sys.ignore",
        "userDefined": true
      }
    ],
    "isTemplate": false,
    "count": 0,
    "updated": 0
  },
  {
    "id": "0dfb0850-6f4d-48aa-8c51-d127a3e3f094",
    "data": [
      {
        "text": "thanks ",
        "userDefined": false
      },
      {
        "text": "love",
        "meta": "@sys.ignore",
        "userDefined": true
      }
    ],
    "isTemplate": false,
    "count": 0,
    "updated": 0
  },
  {
    "id": "d9bf4680-b03b-4c60-a10b-dfc1093c560b",
    "data": [
      {
        "text": "well thanks",
        "userDefined": false
      }
    ],
    "isTemplate": false,
    "count": 0,
    "updated": 0
  },
  {
    "id": "73a56548-5739-415d-922d-9cb13291ebd2",
    "data": [
      {
        "text": "you helped a lot ",
        "userDefined": false
      },
      {
        "text": "thank you",
        "meta": "@sys.ignore",
        "userDefined": true
      }
    ],
    "isTemplate": false,
    "count": 1,
    "updated": 0
  },
  {
    "id": "8b97415f-b045-4c84-8b5a-310f85504ec5",
    "data": [
      {
        "text": "thanks again",
        "userDefined": false
      }
    ],
    "isTemplate": false,
    "count": 0,
    "updated": 0
  }
]