[
  {
    "id": "0dffe6c3-40e8-4292-8c91-6560607e3c3e",
    "data": [
      {
        "text": "shitty",
        "userDefined": false
      }
    ],
    "isTemplate": false,
    "count": 0,
    "updated": 1540293727
  },
  {
    "id": "e2bdf303-4575-4838-92c7-ae87e1eead66",
    "data": [
      {
        "text": "piece of shit",
        "userDefined": false
      }
    ],
    "isTemplate": false,
    "count": 0,
    "updated": 1540293727
  },
  {
    "id": "69acc452-ff9e-4024-bde8-79210ad31cde",
    "data": [
      {
        "text": "total crap",
        "userDefined": false
      }
    ],
    "isTemplate": false,
    "count": 0,
    "updated": 1540293727
  },
  {
    "id": "2d74cdca-15e6-47e5-b9cf-e5c48302479a",
    "data": [
      {
        "text": "not good",
        "userDefined": false
      }
    ],
    "isTemplate": false,
    "count": 0,
    "updated": 1540293727
  },
  {
    "id": "3f23a1ba-9ab2-4c15-9210-cf257bb0eba5",
    "data": [
      {
        "text": "bad idea",
        "userDefined": false
      }
    ],
    "isTemplate": false,
    "count": 0,
    "updated": 1540293727
  },
  {
    "id": "0ef75dde-e786-40b4-8721-dd30514c7cac",
    "data": [
      {
        "text": "not a good one",
        "userDefined": false
      }
    ],
    "isTemplate": false,
    "count": 0,
    "updated": 1540293727
  },
  {
    "id": "f3243cd4-b0b8-4046-a061-15388c49b4a9",
    "data": [
      {
        "text": "this is bad",
        "userDefined": false
      }
    ],
    "isTemplate": false,
    "count": 0,
    "updated": 1540293727
  },
  {
    "id": "9a0ba1d0-b92c-4409-b049-8dc23187f7fd",
    "data": [
      {
        "text": "that\u0027s not good",
        "userDefined": false
      }
    ],
    "isTemplate": false,
    "count": 0,
    "updated": 1540293727
  },
  {
    "id": "4cc2166d-23fe-432c-a9a5-22d36164acec",
    "data": [
      {
        "text": "well that\u0027s too bad",
        "userDefined": false
      }
    ],
    "isTemplate": false,
    "count": 0,
    "updated": 1540293727
  },
  {
    "id": "aa49a280-54f2-474d-b02c-ca7bab2a2fab",
    "data": [
      {
        "text": "too bad",
        "userDefined": false
      }
    ],
    "isTemplate": false,
    "count": 0,
    "updated": 1540293727
  },
  {
    "id": "c7b8e141-ec6e-4fa4-a6bf-948f3483678a",
    "data": [
      {
        "text": "worse than I expected",
        "userDefined": false
      }
    ],
    "isTemplate": false,
    "count": 0,
    "updated": 1537595463
  },
  {
    "id": "c2df9625-628b-4752-bb63-cb467a7dd3d9",
    "data": [
      {
        "text": "worse than I thought",
        "userDefined": false
      }
    ],
    "isTemplate": false,
    "count": 0,
    "updated": 1537595463
  },
  {
    "id": "7d0075e7-3c8f-4828-9d70-8621ff732921",
    "data": [
      {
        "text": "below average",
        "userDefined": false
      }
    ],
    "isTemplate": false,
    "count": 0,
    "updated": 1537595463
  },
  {
    "id": "019d8466-bace-47a1-98bc-c5a9ea38485c",
    "data": [
      {
        "text": "abysmal",
        "userDefined": false
      }
    ],
    "isTemplate": false,
    "count": 0,
    "updated": 1537595463
  },
  {
    "id": "47e27b40-8c9e-4e19-be03-b3442ef54f8d",
    "data": [
      {
        "text": "it\u0027s very bad",
        "userDefined": false
      }
    ],
    "isTemplate": false,
    "count": 0,
    "updated": 1537595463
  },
  {
    "id": "202b505a-4c8e-447a-986a-a294f1650541",
    "data": [
      {
        "text": "it\u0027s not good",
        "userDefined": false
      }
    ],
    "isTemplate": false,
    "count": 0,
    "updated": 1537595463
  },
  {
    "id": "8252dcf5-f7b4-4591-8503-9d45a3195e94",
    "data": [
      {
        "text": "very bad",
        "userDefined": false
      }
    ],
    "isTemplate": false,
    "count": 0,
    "updated": 1537595463
  },
  {
    "id": "3d005063-e40d-4f53-9c41-5ede00eedafe",
    "data": [
      {
        "text": "that\u0027s terrible",
        "userDefined": false
      }
    ],
    "isTemplate": false,
    "count": 0,
    "updated": 1537595463
  },
  {
    "id": "b62e3d77-5ad3-4468-833e-5cd7c8da49c0",
    "data": [
      {
        "text": "that was horrible",
        "userDefined": false
      }
    ],
    "isTemplate": false,
    "count": 0,
    "updated": 1537595463
  },
  {
    "id": "de428659-f61b-46da-ac82-12883081cb1d",
    "data": [
      {
        "text": "not good enough",
        "userDefined": false
      }
    ],
    "isTemplate": false,
    "count": 0,
    "updated": 1537595463
  },
  {
    "id": "46d19c04-987c-445e-a0ee-7825e9b5e954",
    "data": [
      {
        "text": "this is not good",
        "userDefined": false
      }
    ],
    "isTemplate": false,
    "count": 0,
    "updated": 1537595463
  },
  {
    "id": "466b4847-d735-4700-a367-93fdc59a35e1",
    "data": [
      {
        "text": "this is no good",
        "userDefined": false
      }
    ],
    "isTemplate": false,
    "count": 0,
    "updated": 1537595463
  },
  {
    "id": "5699bb36-4c61-43cb-9749-466dd05ed679",
    "data": [
      {
        "text": "that was awful",
        "userDefined": false
      }
    ],
    "isTemplate": false,
    "count": 0,
    "updated": 1537595463
  },
  {
    "id": "f7039530-2137-4248-b0ef-26cf7aef44ef",
    "data": [
      {
        "text": "your",
        "meta": "@sys.ignore",
        "userDefined": false
      },
      {
        "text": " AI sucks",
        "userDefined": false
      }
    ],
    "isTemplate": false,
    "count": 0,
    "updated": 1540293727
  },
  {
    "id": "749b64db-9d1f-430b-a3e1-5df94829748c",
    "data": [
      {
        "text": "that\u0027s really bad",
        "userDefined": false
      }
    ],
    "isTemplate": false,
    "count": 0,
    "updated": 1537595463
  },
  {
    "id": "e0051c4e-5c0c-4bad-a4b5-eb1474b6c745",
    "data": [
      {
        "text": "that wasn\u0027t good",
        "userDefined": false
      }
    ],
    "isTemplate": false,
    "count": 0,
    "updated": 1537595463
  },
  {
    "id": "21cff6d7-b033-49b7-9b97-6013c015530a",
    "data": [
      {
        "text": "that was lame",
        "userDefined": false
      }
    ],
    "isTemplate": false,
    "count": 0,
    "updated": 1537595463
  },
  {
    "id": "419731cc-da1e-437d-acc7-c31e59c864d3",
    "data": [
      {
        "text": "you\u0027re no good",
        "userDefined": false
      }
    ],
    "isTemplate": false,
    "count": 1,
    "updated": 1537595463
  },
  {
    "id": "dd84c5d3-2d0e-4d8a-86fe-69cc0613e83a",
    "data": [
      {
        "text": "this isn\u0027t very good",
        "userDefined": false
      }
    ],
    "isTemplate": false,
    "count": 0,
    "updated": 1537595463
  },
  {
    "id": "841094f7-b269-48b6-8bca-8956e93e3b58",
    "data": [
      {
        "text": "this is too bad",
        "userDefined": false
      }
    ],
    "isTemplate": false,
    "count": 0,
    "updated": 1537595463
  },
  {
    "id": "3220d915-8573-46a6-9d8e-492c8b25acd6",
    "data": [
      {
        "text": "bad really bad",
        "userDefined": false
      }
    ],
    "isTemplate": false,
    "count": 0,
    "updated": 1537595463
  },
  {
    "id": "a413a5f6-e075-46ba-9139-b6878dacdb98",
    "data": [
      {
        "text": "pretty bad",
        "userDefined": false
      }
    ],
    "isTemplate": false,
    "count": 0,
    "updated": 1537595463
  },
  {
    "id": "007a570a-98bf-4b43-8ad8-973448607969",
    "data": [
      {
        "text": "oh no...",
        "userDefined": false
      }
    ],
    "isTemplate": false,
    "count": 0,
    "updated": 1537595463
  },
  {
    "id": "1c7b3ef8-b632-40c6-afe5-ef5dc446bfb3",
    "data": [
      {
        "text": "oh that\u0027s not good.",
        "userDefined": false
      }
    ],
    "isTemplate": false,
    "count": 1,
    "updated": 1537595463
  },
  {
    "id": "c6d07e74-cfcb-4c18-b84a-1f18af10263b",
    "data": [
      {
        "text": "it\u0027s really bad",
        "userDefined": false
      }
    ],
    "isTemplate": false,
    "count": 0,
    "updated": 1537595463
  },
  {
    "id": "c3e5aa76-2b6a-47ff-9636-f01c776b5361",
    "data": [
      {
        "text": "total shit",
        "userDefined": false
      }
    ],
    "isTemplate": false,
    "count": 0,
    "updated": 1537595463
  },
  {
    "id": "043a6168-b862-46e2-b51f-485e6e8a7e96",
    "data": [
      {
        "text": "totally lame",
        "userDefined": false
      }
    ],
    "isTemplate": false,
    "count": 0,
    "updated": 1537595463
  },
  {
    "id": "2177c882-2c35-49fb-9ea8-805ed6c8ca48",
    "data": [
      {
        "text": "really lame",
        "userDefined": false
      }
    ],
    "isTemplate": false,
    "count": 0,
    "updated": 1537595463
  },
  {
    "id": "482fe82d-8064-47d6-989d-20db12bb27b0",
    "data": [
      {
        "text": "sooo lame",
        "userDefined": false
      }
    ],
    "isTemplate": false,
    "count": 1,
    "updated": 1537595463
  },
  {
    "id": "0f6edb75-5c7c-4d73-a432-8543afc2b310",
    "data": [
      {
        "text": "that\u0027s bad",
        "userDefined": false
      }
    ],
    "isTemplate": false,
    "count": 0,
    "updated": 1537595463
  },
  {
    "id": "5243261c-c5f4-4c98-9b50-84247d8fe70a",
    "data": [
      {
        "text": "that is bad",
        "userDefined": false
      }
    ],
    "isTemplate": false,
    "count": 0,
    "updated": 1537595463
  },
  {
    "id": "5c2c0c9a-f3aa-44cd-a3bc-d40ae325bc16",
    "data": [
      {
        "text": "soooo bad",
        "userDefined": false
      }
    ],
    "isTemplate": false,
    "count": 0,
    "updated": 1537595463
  },
  {
    "id": "a576dd16-8e8b-4fdc-a992-767bfd7af880",
    "data": [
      {
        "text": "that\u0027s too bad",
        "userDefined": false
      }
    ],
    "isTemplate": false,
    "count": 1,
    "updated": 1537595463
  },
  {
    "id": "8aa9bf8e-2921-4efd-a8d9-603aa2141318",
    "data": [
      {
        "text": "that was terrible",
        "userDefined": false
      }
    ],
    "isTemplate": false,
    "count": 0,
    "updated": 1537595463
  },
  {
    "id": "58411f7c-d254-4ae9-a8f6-c77c42b09dd3",
    "data": [
      {
        "text": "This is really bad",
        "userDefined": false
      }
    ],
    "isTemplate": false,
    "count": 0,
    "updated": 1537595463
  },
  {
    "id": "acf3b4ca-b09a-4e16-bf1b-f201d192717d",
    "data": [
      {
        "text": "this is awful",
        "userDefined": false
      }
    ],
    "isTemplate": false,
    "count": 1,
    "updated": 1537595463
  },
  {
    "id": "c3f57272-e830-48d7-b29c-1d6295f0c392",
    "data": [
      {
        "text": "just horrible",
        "userDefined": false
      }
    ],
    "isTemplate": false,
    "count": 0,
    "updated": 1537595463
  },
  {
    "id": "91c46b62-9768-493e-ab44-1c4a15b9639f",
    "data": [
      {
        "text": "this is horrible",
        "userDefined": false
      }
    ],
    "isTemplate": false,
    "count": 1,
    "updated": 1537595463
  },
  {
    "id": "7765833c-2665-428b-8b97-885bd524a2b2",
    "data": [
      {
        "text": "I wish ",
        "userDefined": false
      },
      {
        "text": "you",
        "meta": "@sys.ignore",
        "userDefined": false
      },
      {
        "text": " were smarter",
        "userDefined": false
      }
    ],
    "isTemplate": false,
    "count": 0,
    "updated": 1540293727
  },
  {
    "id": "e8bdbcce-be7e-491d-9bf3-e55b81643e6a",
    "data": [
      {
        "text": "be more clever",
        "userDefined": false
      }
    ],
    "isTemplate": false,
    "count": 0,
    "updated": 1537595463
  },
  {
    "id": "b25611e6-626a-4fa5-8acf-0f6bbd1ad444",
    "data": [
      {
        "text": "get smart",
        "userDefined": false
      }
    ],
    "isTemplate": false,
    "count": 0,
    "updated": 1537595463
  },
  {
    "id": "0192fad8-099f-4158-bdb4-08330e276152",
    "data": [
      {
        "text": "you",
        "meta": "@sys.ignore",
        "userDefined": false
      },
      {
        "text": " need to learn more",
        "userDefined": false
      }
    ],
    "isTemplate": false,
    "count": 0,
    "updated": 1540293727
  },
  {
    "id": "53785dc4-9a2c-43c3-b112-0494bced7f33",
    "data": [
      {
        "text": "be smarter",
        "userDefined": false
      }
    ],
    "isTemplate": false,
    "count": 0,
    "updated": 1537595463
  },
  {
    "id": "1c08c120-07c1-4b21-90fb-600c504aff3e",
    "data": [
      {
        "text": "it\u0027s not right",
        "userDefined": false
      }
    ],
    "isTemplate": false,
    "count": 0,
    "updated": 1537595463
  },
  {
    "id": "ab94f6ca-ba70-41ca-9ece-28cae48c6e56",
    "data": [
      {
        "text": "that\u0027s wrong",
        "userDefined": false
      }
    ],
    "isTemplate": false,
    "count": 0,
    "updated": 1537595463
  },
  {
    "id": "d525209a-6ec2-4fc3-afce-667221443e27",
    "data": [
      {
        "text": "it\u0027s wrong",
        "userDefined": false
      }
    ],
    "isTemplate": false,
    "count": 0,
    "updated": 1537595463
  },
  {
    "id": "5eeb3ea0-a918-447d-859d-4cb9b5651ea9",
    "data": [
      {
        "text": "that was wrong",
        "userDefined": false
      }
    ],
    "isTemplate": false,
    "count": 0,
    "updated": 1537595463
  },
  {
    "id": "907c9a32-9470-41bb-a740-9138bbffd88c",
    "data": [
      {
        "text": "you are wrong",
        "userDefined": false
      }
    ],
    "isTemplate": false,
    "count": 0,
    "updated": 1537595463
  },
  {
    "id": "d8191fe4-ba9b-47fc-9f58-fce499fc6c43",
    "data": [
      {
        "text": "incorrect",
        "userDefined": false
      }
    ],
    "isTemplate": false,
    "count": 0,
    "updated": 1537595463
  },
  {
    "id": "56bdbaae-2108-4825-a138-00790eee01db",
    "data": [
      {
        "text": "not correct",
        "userDefined": false
      }
    ],
    "isTemplate": false,
    "count": 0,
    "updated": 1537595463
  },
  {
    "id": "45b806db-6885-45e2-8ec7-381e5f86e478",
    "data": [
      {
        "text": "that\u0027s not what I asked",
        "userDefined": false
      }
    ],
    "isTemplate": false,
    "count": 0,
    "updated": 1537595463
  },
  {
    "id": "2fd96bd2-45b8-44c0-bc85-6f25b96bf05b",
    "data": [
      {
        "text": "that is incorrect",
        "userDefined": false
      }
    ],
    "isTemplate": false,
    "count": 0,
    "updated": 1537595463
  },
  {
    "id": "698205af-b844-4e9b-ac47-0fd0c19541a1",
    "data": [
      {
        "text": "that\u0027s not right",
        "userDefined": false
      }
    ],
    "isTemplate": false,
    "count": 0,
    "updated": 1537595463
  },
  {
    "id": "b56a5569-6c67-4f6f-8cdc-a31e356a1697",
    "data": [
      {
        "text": "wrong",
        "userDefined": false
      }
    ],
    "isTemplate": false,
    "count": 0,
    "updated": 1537595463
  },
  {
    "id": "0521b210-a77a-4437-9a7b-1dca4b07db12",
    "data": [
      {
        "text": "you\u0027re really boring",
        "userDefined": false
      }
    ],
    "isTemplate": false,
    "count": 0,
    "updated": 1537595463
  },
  {
    "id": "9a74a429-ad3f-4a0a-b1d8-afe57b037ff1",
    "data": [
      {
        "text": "you are boring",
        "userDefined": false
      }
    ],
    "isTemplate": false,
    "count": 0,
    "updated": 1537595463
  },
  {
    "id": "459b99c8-0146-4410-a4ad-97f126032876",
    "data": [
      {
        "text": "you\u0027re incredibly boring",
        "userDefined": false
      }
    ],
    "isTemplate": false,
    "count": 0,
    "updated": 1537595463
  },
  {
    "id": "187bac5a-9eb0-46f7-a8c1-321607c8e348",
    "data": [
      {
        "text": "you are bothering me",
        "userDefined": false
      }
    ],
    "isTemplate": false,
    "count": 0,
    "updated": 1537595463
  },
  {
    "id": "ae90a2a1-13db-4c3a-9b4c-32f536770f5a",
    "data": [
      {
        "text": "you are boring me",
        "userDefined": false
      }
    ],
    "isTemplate": false,
    "count": 1,
    "updated": 1537595463
  },
  {
    "id": "2d84cdac-91f4-4533-8ae3-ddfa4617db86",
    "data": [
      {
        "text": "you\u0027re so boring",
        "userDefined": false
      }
    ],
    "isTemplate": false,
    "count": 0,
    "updated": 1537595463
  },
  {
    "id": "cc386e0d-a0cd-4426-b621-96f1e505b472",
    "data": [
      {
        "text": "how annoying you are",
        "userDefined": false
      }
    ],
    "isTemplate": false,
    "count": 0,
    "updated": 1537595463
  },
  {
    "id": "de0e7dbd-ffbe-438e-bd20-a6280e087633",
    "data": [
      {
        "text": "you\u0027re so annoying",
        "userDefined": false
      }
    ],
    "isTemplate": false,
    "count": 0,
    "updated": 1537595463
  },
  {
    "id": "6a08afc5-7373-4217-8b21-f2fc6d4c6aa7",
    "data": [
      {
        "text": "you are irritaing",
        "userDefined": false
      }
    ],
    "isTemplate": false,
    "count": 0,
    "updated": 1537595463
  },
  {
    "id": "8631c401-0805-4cbb-8fe0-ba8887f3196e",
    "data": [
      {
        "text": "you are such annoying",
        "userDefined": false
      }
    ],
    "isTemplate": false,
    "count": 0,
    "updated": 1537595463
  },
  {
    "id": "99c3c105-850b-4584-8626-1e5e119258d6",
    "data": [
      {
        "text": "you\u0027re too annoying",
        "userDefined": false
      }
    ],
    "isTemplate": false,
    "count": 0,
    "updated": 1537595463
  },
  {
    "id": "e20bc9e2-6402-4f3e-b3f2-24ebc7ff5b82",
    "data": [
      {
        "text": "I find ",
        "userDefined": false
      },
      {
        "text": "you",
        "meta": "@sys.ignore",
        "userDefined": false
      },
      {
        "text": " annoying",
        "userDefined": false
      }
    ],
    "isTemplate": false,
    "count": 0,
    "updated": 1540293727
  },
  {
    "id": "8d71f997-c8cb-47bc-b6df-c4a78cff2795",
    "data": [
      {
        "text": "you are annoying",
        "userDefined": false
      }
    ],
    "isTemplate": false,
    "count": 0,
    "updated": 1537595463
  },
  {
    "id": "3b5178e4-8811-47f8-ad09-5ae001e189d0",
    "data": [
      {
        "text": "you are annoying me",
        "userDefined": false
      }
    ],
    "isTemplate": false,
    "count": 0,
    "updated": 1537595463
  },
  {
    "id": "1a546cbd-b631-4f85-b08f-86551cc56c74",
    "data": [
      {
        "text": "you",
        "meta": "@sys.ignore",
        "userDefined": false
      },
      {
        "text": " annoy me",
        "userDefined": false
      }
    ],
    "isTemplate": false,
    "count": 0,
    "updated": 1540293727
  },
  {
    "id": "c7b022ac-0081-4d4c-b3dd-b6c11970b1ce",
    "data": [
      {
        "text": "you are annoying me so much",
        "userDefined": false
      }
    ],
    "isTemplate": false,
    "count": 0,
    "updated": 1537595463
  },
  {
    "id": "30040904-0f9c-466f-8b59-4ba859ac006b",
    "data": [
      {
        "text": "wow this is annoying",
        "userDefined": false
      }
    ],
    "isTemplate": false,
    "count": 0,
    "updated": 1537595463
  },
  {
    "id": "fce96cc3-85ff-4e06-92a9-014c09206bfb",
    "data": [
      {
        "text": "this is so annoying",
        "userDefined": false
      }
    ],
    "isTemplate": false,
    "count": 0,
    "updated": 1537595463
  },
  {
    "id": "275e7ced-c5e2-42a0-b81e-6c7b3bc0fe58",
    "data": [
      {
        "text": "this is annoying",
        "userDefined": false
      }
    ],
    "isTemplate": false,
    "count": 0,
    "updated": 1537595463
  },
  {
    "id": "2bd768d5-ed66-47fa-8d1d-cc8ba1b53335",
    "data": [
      {
        "text": "you\u0027re annoying",
        "userDefined": false
      }
    ],
    "isTemplate": false,
    "count": 0,
    "updated": 1537595463
  },
  {
    "id": "a92d24d3-c8b4-4113-b7e4-2f8565458c45",
    "data": [
      {
        "text": "you\u0027re incredibly annoying",
        "userDefined": false
      }
    ],
    "isTemplate": false,
    "count": 0,
    "updated": 1537595463
  },
  {
    "id": "e388541a-1940-46e6-a4c4-b4084f56c97f",
    "data": [
      {
        "text": "you are very annoying",
        "userDefined": false
      }
    ],
    "isTemplate": false,
    "count": 0,
    "updated": 1537595463
  },
  {
    "id": "d38b5b65-61a4-4f17-971f-9049319c4a79",
    "data": [
      {
        "text": "huh?",
        "userDefined": false
      }
    ],
    "isTemplate": false,
    "count": 0,
    "updated": 1537595463
  },
  {
    "id": "5f9b8c7a-4f4b-4ac4-9232-a6690678a3e7",
    "data": [
      {
        "text": "will ",
        "userDefined": false
      },
      {
        "text": "you",
        "meta": "@sys.ignore",
        "userDefined": false
      },
      {
        "text": " fix this",
        "userDefined": false
      }
    ],
    "isTemplate": false,
    "count": 0,
    "updated": 1537518327
  },
  {
    "id": "bf301aca-de7a-4257-af9c-a6c37f40671c",
    "data": [
      {
        "text": "can you fix this",
        "userDefined": false
      }
    ],
    "isTemplate": false,
    "count": 0,
    "updated": 1537518327
  },
  {
    "id": "d2eabe8e-0495-4b68-bfc7-20be233d0c83",
    "data": [
      {
        "text": "please fix this",
        "userDefined": false
      }
    ],
    "isTemplate": false,
    "count": 0,
    "updated": 1537518327
  },
  {
    "id": "1cf27bb5-938d-4ca4-a178-0ef8db0f056f",
    "data": [
      {
        "text": "you",
        "meta": "@sys.ignore",
        "userDefined": false
      },
      {
        "text": " need to fix this",
        "userDefined": false
      }
    ],
    "isTemplate": false,
    "count": 0,
    "updated": 1537518327
  },
  {
    "id": "372a5bfc-255d-42f6-8ed0-1257711278c2",
    "data": [
      {
        "text": "fix this now",
        "userDefined": false
      }
    ],
    "isTemplate": false,
    "count": 0,
    "updated": 1537518327
  },
  {
    "id": "c415c94f-9cad-4df4-ba37-622222306c55",
    "data": [
      {
        "text": "it isn\u0027t working",
        "userDefined": false
      }
    ],
    "isTemplate": false,
    "count": 0,
    "updated": 1537518327
  },
  {
    "id": "77fee5fe-56fc-480e-80e9-b55985ac21a1",
    "data": [
      {
        "text": "does not work",
        "userDefined": false
      }
    ],
    "isTemplate": false,
    "count": 0,
    "updated": 1537518327
  },
  {
    "id": "349140ca-40d5-45db-97f4-494b79b6e159",
    "data": [
      {
        "text": "didnt work",
        "userDefined": false
      }
    ],
    "isTemplate": false,
    "count": 0,
    "updated": 1537518327
  },
  {
    "id": "37e1702e-94c7-4be3-bb19-6f632d23d29c",
    "data": [
      {
        "text": "you are stupid",
        "userDefined": false
      }
    ],
    "isTemplate": false,
    "count": 0,
    "updated": 1537449808
  },
  {
    "id": "5a3990a6-e9b1-4b18-9f2c-ee77679835f0",
    "data": [
      {
        "text": "you\u0027re stupid",
        "userDefined": false
      }
    ],
    "isTemplate": false,
    "count": 0,
    "updated": 1537449808
  },
  {
    "id": "aeeb81d9-ecf2-4035-8950-613eb8a9dc93",
    "data": [
      {
        "text": "this is stupid",
        "userDefined": false
      }
    ],
    "isTemplate": false,
    "count": 0,
    "updated": 1537449808
  },
  {
    "id": "f35d85a9-0d60-441f-a8a8-6ecf630fd111",
    "data": [
      {
        "text": "stupid",
        "userDefined": false
      }
    ],
    "isTemplate": false,
    "count": 0,
    "updated": 1537449808
  },
  {
    "id": "eb681d9f-2497-4ee2-9a85-7ff0577e89db",
    "data": [
      {
        "text": "you\u0027re a dumb ",
        "userDefined": false
      },
      {
        "text": "bot",
        "meta": "@sys.ignore",
        "userDefined": false
      }
    ],
    "isTemplate": false,
    "count": 0,
    "updated": 1537449808
  },
  {
    "id": "c5fdb785-d0c8-4183-8054-e0ca9f734e1d",
    "data": [
      {
        "text": "this is dumb",
        "userDefined": false
      }
    ],
    "isTemplate": false,
    "count": 0,
    "updated": 1537449808
  },
  {
    "id": "f682ccfb-9448-4e29-82ba-c48f5bd70c0e",
    "data": [
      {
        "text": "this is pathetic",
        "userDefined": false
      }
    ],
    "isTemplate": false,
    "count": 0,
    "updated": 1537449808
  },
  {
    "id": "6f1932fc-f31e-483a-9b06-45351c03d5f3",
    "data": [
      {
        "text": "you\u0027re so crazy",
        "userDefined": false
      }
    ],
    "isTemplate": false,
    "count": 0,
    "updated": 1537449808
  },
  {
    "id": "f2e309fd-2f73-4f1e-aaff-5db5e333120a",
    "data": [
      {
        "text": "you\u0027re out of ",
        "userDefined": false
      },
      {
        "text": "your",
        "meta": "@sys.ignore",
        "userDefined": false
      },
      {
        "text": " mind",
        "userDefined": false
      }
    ],
    "isTemplate": false,
    "count": 0,
    "updated": 1537449808
  },
  {
    "id": "46e3c289-e950-43cf-9f1b-fb5a2baaa814",
    "data": [
      {
        "text": "are ",
        "userDefined": false
      },
      {
        "text": "you",
        "meta": "@sys.ignore",
        "userDefined": false
      },
      {
        "text": " mad",
        "userDefined": false
      }
    ],
    "isTemplate": false,
    "count": 0,
    "updated": 1537449808
  },
  {
    "id": "4e8517eb-1b2b-4e88-b116-546cc25da62c",
    "data": [
      {
        "text": "are ",
        "userDefined": false
      },
      {
        "text": "you",
        "meta": "@sys.ignore",
        "userDefined": false
      },
      {
        "text": " nuts?",
        "userDefined": false
      }
    ],
    "isTemplate": false,
    "count": 0,
    "updated": 1537449808
  },
  {
    "id": "9c57c647-b75d-4354-822e-32bc9960368a",
    "data": [
      {
        "text": "I think you\u0027re crazy",
        "userDefined": false
      }
    ],
    "isTemplate": false,
    "count": 0,
    "updated": 1537449808
  },
  {
    "id": "df186a6f-9fe5-4fa1-8e0e-c07565c73692",
    "data": [
      {
        "text": "you\u0027re nuts",
        "userDefined": false
      }
    ],
    "isTemplate": false,
    "count": 0,
    "updated": 1537449808
  },
  {
    "id": "9060d3e1-0831-4e9c-94d9-0735c0b6669b",
    "data": [
      {
        "text": "you\u0027re mad",
        "userDefined": false
      }
    ],
    "isTemplate": false,
    "count": 0,
    "updated": 1537449808
  },
  {
    "id": "b22b5359-aba4-46be-b8f0-8e4ccc518fc9",
    "data": [
      {
        "text": "you",
        "meta": "@sys.ignore",
        "userDefined": false
      },
      {
        "text": " went crazy",
        "userDefined": false
      }
    ],
    "isTemplate": false,
    "count": 0,
    "updated": 1537449808
  },
  {
    "id": "1a646dcc-eb3c-46c0-bb09-8e430d1824be",
    "data": [
      {
        "text": "you are insane",
        "userDefined": false
      }
    ],
    "isTemplate": false,
    "count": 0,
    "updated": 1537449808
  },
  {
    "id": "3e5d4d64-b1b2-4fa0-aaa2-69c7992360f5",
    "data": [
      {
        "text": "you are crazy",
        "userDefined": false
      }
    ],
    "isTemplate": false,
    "count": 0,
    "updated": 1537449808
  },
  {
    "id": "57f06231-6602-4feb-b021-445553868b07",
    "data": [
      {
        "text": "you are a weirdo",
        "userDefined": false
      }
    ],
    "isTemplate": false,
    "count": 0,
    "updated": 1537449808
  },
  {
    "id": "4d8bc19f-6c0f-4d4e-bcd8-014c408da941",
    "data": [
      {
        "text": "this is crazy",
        "userDefined": false
      }
    ],
    "isTemplate": false,
    "count": 0,
    "updated": 1537449808
  },
  {
    "id": "a6aea1a3-9102-4f45-8aae-3d13d793f83c",
    "data": [
      {
        "text": "I am mad at ",
        "userDefined": false
      },
      {
        "text": "you",
        "meta": "@sys.ignore",
        "userDefined": false
      }
    ],
    "isTemplate": false,
    "count": 0,
    "updated": 1540293727
  },
  {
    "id": "6ec6c7c4-b208-498d-94b3-d5f02072522d",
    "data": [
      {
        "text": "I am angry with ",
        "userDefined": false
      },
      {
        "text": "you",
        "meta": "@sys.ignore",
        "userDefined": false
      }
    ],
    "isTemplate": false,
    "count": 0,
    "updated": 1540293727
  },
  {
    "id": "f563936c-ab08-45dc-a966-51f4443e3a15",
    "data": [
      {
        "text": "I\u0027m angry",
        "userDefined": false
      }
    ],
    "isTemplate": false,
    "count": 0,
    "updated": 1537429018
  },
  {
    "id": "c01a72d6-1507-44d2-8a4b-5776e9ce6a1f",
    "data": [
      {
        "text": "I\u0027m pissed off",
        "userDefined": false
      }
    ],
    "isTemplate": false,
    "count": 0,
    "updated": 1537429018
  },
  {
    "id": "a0e781cd-700a-4f75-b350-b9e18d1e9f8c",
    "data": [
      {
        "text": "I\u0027m enraged",
        "userDefined": false
      }
    ],
    "isTemplate": false,
    "count": 0,
    "updated": 1537429018
  },
  {
    "id": "6dce5a7a-a96a-4057-8ae3-ffe7fdd4f3c4",
    "data": [
      {
        "text": "I\u0027m furious",
        "userDefined": false
      }
    ],
    "isTemplate": false,
    "count": 0,
    "updated": 1537429018
  },
  {
    "id": "5e41a14a-4353-40cc-a4e7-8b332dd18141",
    "data": [
      {
        "text": "I am mad",
        "userDefined": false
      }
    ],
    "isTemplate": false,
    "count": 0,
    "updated": 1537429018
  },
  {
    "id": "0f97729b-e23e-4402-9d72-04c9cff89fb3",
    "data": [
      {
        "text": "very strange",
        "userDefined": false
      }
    ],
    "isTemplate": false,
    "count": 1,
    "updated": 1537426077
  },
  {
    "id": "833511d4-6c62-4547-9653-ea5632b46015",
    "data": [
      {
        "text": "that is strange",
        "userDefined": false
      }
    ],
    "isTemplate": false,
    "count": 0,
    "updated": 1537426077
  },
  {
    "id": "3e1fb164-bb71-4db6-8cd6-ee4f025ddc24",
    "data": [
      {
        "text": "that\u0027s strange",
        "userDefined": false
      }
    ],
    "isTemplate": false,
    "count": 0,
    "updated": 1537426077
  },
  {
    "id": "048fd8cc-a29c-4117-952c-01daba5d1256",
    "data": [
      {
        "text": "this is strange",
        "userDefined": false
      }
    ],
    "isTemplate": false,
    "count": 0,
    "updated": 1537426077
  },
  {
    "id": "bc0b6b3c-8d87-4350-8303-2be63894ba10",
    "data": [
      {
        "text": "very weird",
        "userDefined": false
      }
    ],
    "isTemplate": false,
    "count": 0,
    "updated": 1537426077
  },
  {
    "id": "e4e3bbee-8372-4f6e-a951-89c86c58e3aa",
    "data": [
      {
        "text": "that\u0027s weird",
        "userDefined": false
      }
    ],
    "isTemplate": false,
    "count": 0,
    "updated": 1537426077
  },
  {
    "id": "c2807451-3d8c-4276-9eae-e4392b038e57",
    "data": [
      {
        "text": "you\u0027re weird",
        "userDefined": false
      }
    ],
    "isTemplate": false,
    "count": 0,
    "updated": 1537426077
  },
  {
    "id": "119cac99-0c2a-4263-bc96-88904c75769d",
    "data": [
      {
        "text": "you suck",
        "userDefined": false
      }
    ],
    "isTemplate": false,
    "count": 0,
    "updated": 1527529421
  },
  {
    "id": "199b45ab-c63c-4b0d-8074-d13eac10ee43",
    "data": [
      {
        "text": "you are a waste",
        "userDefined": false
      }
    ],
    "isTemplate": false,
    "count": 0,
    "updated": 1537222519
  },
  {
    "id": "4a9ba849-e609-48ce-8ced-84de290af015",
    "data": [
      {
        "text": "you\u0027re not helping me",
        "userDefined": false
      }
    ],
    "isTemplate": false,
    "count": 0,
    "updated": 1537222519
  },
  {
    "id": "6bc2326e-1bd8-4677-a0f4-0603498be11b",
    "data": [
      {
        "text": "you are lame",
        "userDefined": false
      }
    ],
    "isTemplate": false,
    "count": 0,
    "updated": 1537222519
  },
  {
    "id": "726d71b9-3513-44bf-8d5d-d870cf7afb76",
    "data": [
      {
        "text": "worst bot ever",
        "userDefined": false
      }
    ],
    "isTemplate": false,
    "count": 0,
    "updated": 1537222519
  },
  {
    "id": "731a514d-643d-4e98-9748-709289656fab",
    "data": [
      {
        "text": "you\u0027re the worst",
        "userDefined": false
      }
    ],
    "isTemplate": false,
    "count": 0,
    "updated": 1537222519
  },
  {
    "id": "18a110c4-f6b7-47e1-91fa-9ab9d8e6eb49",
    "data": [
      {
        "text": "you are not good",
        "userDefined": false
      }
    ],
    "isTemplate": false,
    "count": 0,
    "updated": 1537222519
  },
  {
    "id": "422cf630-4b9b-4156-9cd0-3199dbe6767d",
    "data": [
      {
        "text": "you\u0027re worthless",
        "userDefined": false
      }
    ],
    "isTemplate": false,
    "count": 0,
    "updated": 1537222519
  },
  {
    "id": "15aa5292-86fa-4f7f-98bb-f07c7a2dff3d",
    "data": [
      {
        "text": "you\u0027re bad",
        "userDefined": false
      }
    ],
    "isTemplate": false,
    "count": 0,
    "updated": 1537222519
  },
  {
    "id": "179f1e02-b6fc-4e14-91d0-92d957837692",
    "data": [
      {
        "text": "you\u0027re terrible",
        "userDefined": false
      }
    ],
    "isTemplate": false,
    "count": 0,
    "updated": 1537222519
  },
  {
    "id": "9d51adaf-6da4-47c7-bc25-57cec4493591",
    "data": [
      {
        "text": "you are no good",
        "userDefined": false
      }
    ],
    "isTemplate": false,
    "count": 0,
    "updated": 1537222519
  },
  {
    "id": "aef0665b-b8d1-45fb-aad3-eef24fc5b23a",
    "data": [
      {
        "text": "you\u0027re not good",
        "userDefined": false
      }
    ],
    "isTemplate": false,
    "count": 0,
    "updated": 1537222519
  },
  {
    "id": "75617638-8df9-49cc-9d1a-0e6de0bc4033",
    "data": [
      {
        "text": "you\u0027re really bad",
        "userDefined": false
      }
    ],
    "isTemplate": false,
    "count": 0,
    "updated": 1537222519
  },
  {
    "id": "5189b6f7-eed1-49c0-848e-f6dea9375ae5",
    "data": [
      {
        "text": "you are not cool",
        "userDefined": false
      }
    ],
    "isTemplate": false,
    "count": 0,
    "updated": 1537222519
  },
  {
    "id": "da4db0ac-5d6a-4b61-a6b7-b1c49d7721eb",
    "data": [
      {
        "text": "you\u0027re not very good",
        "userDefined": false
      }
    ],
    "isTemplate": false,
    "count": 0,
    "updated": 1537222519
  },
  {
    "id": "18b8ef1c-a957-489e-87b7-48202a20d086",
    "data": [
      {
        "text": "you are terrible",
        "userDefined": false
      }
    ],
    "isTemplate": false,
    "count": 0,
    "updated": 1537222519
  },
  {
    "id": "c5cbb2a7-8389-448f-a65d-2875fe8ea9ab",
    "data": [
      {
        "text": "you\u0027re very bad",
        "userDefined": false
      }
    ],
    "isTemplate": false,
    "count": 0,
    "updated": 1537222519
  },
  {
    "id": "3f47cd12-466f-443f-9c9c-2290859526af",
    "data": [
      {
        "text": "you are so useless",
        "userDefined": false
      }
    ],
    "isTemplate": false,
    "count": 0,
    "updated": 1537222519
  },
  {
    "id": "50780f00-34e5-440a-98f9-cb6e10c0fbb8",
    "data": [
      {
        "text": "you are useless",
        "userDefined": false
      }
    ],
    "isTemplate": false,
    "count": 0,
    "updated": 1537222519
  },
  {
    "id": "b808298b-1086-4032-a799-e63bd1b13ca6",
    "data": [
      {
        "text": "you are bad",
        "userDefined": false
      }
    ],
    "isTemplate": false,
    "count": 0,
    "updated": 1537222519
  },
  {
    "id": "27d7df4e-f1fa-4e82-bcb9-c3dbf7772bc7",
    "data": [
      {
        "text": "you are horrible",
        "userDefined": false
      }
    ],
    "isTemplate": false,
    "count": 1,
    "updated": 1537222519
  },
  {
    "id": "dc0e3f8f-3425-4e46-b479-9b286d97f3f0",
    "data": [
      {
        "text": "you are a waste of time",
        "userDefined": false
      }
    ],
    "isTemplate": false,
    "count": 0,
    "updated": 1537222519
  },
  {
    "id": "71994a7b-028a-4b3c-b8eb-59466cfc4631",
    "data": [
      {
        "text": "you\u0027re awful",
        "userDefined": false
      }
    ],
    "isTemplate": false,
    "count": 0,
    "updated": 1537222519
  },
  {
    "id": "faf2c027-8024-4c2f-b3ea-fd78d6a4e031",
    "data": [
      {
        "text": "you are very bad",
        "userDefined": false
      }
    ],
    "isTemplate": false,
    "count": 1,
    "updated": 1537222519
  },
  {
    "id": "654eacf1-f47f-4b5f-be6e-b9d0a32c0bac",
    "data": [
      {
        "text": "you are totally useless",
        "userDefined": false
      }
    ],
    "isTemplate": false,
    "count": 1,
    "updated": 1537222519
  },
  {
    "id": "13be3d81-db24-45d5-8e29-c19b14bdbd74",
    "data": [
      {
        "text": "OMG!",
        "userDefined": false
      }
    ],
    "isTemplate": false,
    "count": 0,
    "updated": 1537222519
  },
  {
    "id": "e11bd65c-82cc-4f93-8c6a-fff898360c35",
    "data": [
      {
        "text": "wow this is bad",
        "userDefined": false
      }
    ],
    "isTemplate": false,
    "count": 0,
    "updated": 1527529421
  },
  {
    "id": "29b04d73-0e2f-41e7-9915-d24ea5eef45a",
    "data": [
      {
        "text": "Fuck you Janis",
        "userDefined": false
      }
    ],
    "isTemplate": false,
    "count": 0,
    "updated": 1527529421
  },
  {
    "id": "ce9d1258-078e-4c80-993f-54ab0f7fc8d3",
    "data": [
      {
        "text": "this is so bad",
        "userDefined": false
      }
    ],
    "isTemplate": false,
    "count": 0,
    "updated": 1527529421
  },
  {
    "id": "47a21b37-105b-4e96-bff9-8ba180c0d48d",
    "data": [
      {
        "text": "there\u0027s an issue",
        "userDefined": false
      }
    ],
    "isTemplate": false,
    "count": 0,
    "updated": 1537421413
  },
  {
    "id": "b3bffd45-786f-4e35-9d09-8389f68c9575",
    "data": [
      {
        "text": "I have an issue",
        "userDefined": false
      }
    ],
    "isTemplate": false,
    "count": 0,
    "updated": 1537421413
  },
  {
    "id": "3096587a-99e0-4d3b-ab88-fd92d70298d8",
    "data": [
      {
        "text": "I have a problem",
        "userDefined": false
      }
    ],
    "isTemplate": false,
    "count": 0,
    "updated": 1537421413
  },
  {
    "id": "efc93207-ecb2-4c14-a8cf-48b34bc592d5",
    "data": [
      {
        "text": "there\u0027s a problem",
        "userDefined": false
      }
    ],
    "isTemplate": false,
    "count": 0,
    "updated": 1537421413
  },
  {
    "id": "9e160d89-2342-4d64-96c6-dcb68d4b92b7",
    "data": [
      {
        "text": "there is a problem",
        "userDefined": false
      }
    ],
    "isTemplate": false,
    "count": 0,
    "updated": 1537421413
  },
  {
    "id": "09d75901-6c07-4237-9782-e16fe788ffb1",
    "data": [
      {
        "text": "it\u0027s a problem",
        "userDefined": false
      }
    ],
    "isTemplate": false,
    "count": 0,
    "updated": 1537421413
  },
  {
    "id": "700ea5b1-a356-4607-9857-c0e1a0f97904",
    "data": [
      {
        "text": "fix my problem",
        "userDefined": false
      }
    ],
    "isTemplate": false,
    "count": 0,
    "updated": 1537421413
  },
  {
    "id": "d04b3067-a7e2-4370-b5d5-1821dcbfd9b7",
    "data": [
      {
        "text": "can you fix it?",
        "userDefined": false
      }
    ],
    "isTemplate": false,
    "count": 0,
    "updated": 1537421413
  },
  {
    "id": "037165eb-1a26-40e5-b56b-d80fb95876c7",
    "data": [
      {
        "text": "there is a bug",
        "userDefined": false
      }
    ],
    "isTemplate": false,
    "count": 0,
    "updated": 1537421413
  },
  {
    "id": "487faf49-1a3e-4b22-a1e1-6b0c2d4d6b91",
    "data": [
      {
        "text": "I found a bug",
        "userDefined": false
      }
    ],
    "isTemplate": false,
    "count": 0,
    "updated": 1537421413
  },
  {
    "id": "0a3b29bb-88dc-47d8-9c04-292326e0f38f",
    "data": [
      {
        "text": "fix the bugs",
        "userDefined": false
      }
    ],
    "isTemplate": false,
    "count": 0,
    "updated": 1537421413
  },
  {
    "id": "e594dd41-f5fd-4642-bdc1-9f2cfc463883",
    "data": [
      {
        "text": "fix the bug please",
        "userDefined": false
      }
    ],
    "isTemplate": false,
    "count": 0,
    "updated": 1537421413
  },
  {
    "id": "8f138a2c-7638-485b-a658-594886488cb7",
    "data": [
      {
        "text": "this is an utter failure",
        "userDefined": false
      }
    ],
    "isTemplate": false,
    "count": 0,
    "updated": 1527529421
  },
  {
    "id": "b02695b1-ca2a-438d-bc81-5e092482dbce",
    "data": [
      {
        "text": "wtf",
        "userDefined": false
      }
    ],
    "isTemplate": false,
    "count": 0,
    "updated": 1527529421
  },
  {
    "id": "badecdef-cff3-4d23-96b1-d758e6470238",
    "data": [
      {
        "text": "shit",
        "userDefined": false
      }
    ],
    "isTemplate": false,
    "count": 0,
    "updated": 1527529421
  },
  {
    "id": "0d888dae-7307-4429-bb43-44617643fd6a",
    "data": [
      {
        "text": "this sucks",
        "userDefined": false
      }
    ],
    "isTemplate": false,
    "count": 0,
    "updated": 1527529421
  },
  {
    "id": "e6bf4c05-5859-458c-b7a4-ca80522fa796",
    "data": [
      {
        "text": "I\u0027m sleepless",
        "userDefined": false
      }
    ],
    "isTemplate": false,
    "count": 0,
    "updated": 1537430293
  },
  {
    "id": "5ebdc290-714c-4b0d-8b85-dd3d242cf8db",
    "data": [
      {
        "text": "I can\u0027t get sleep",
        "userDefined": false
      }
    ],
    "isTemplate": false,
    "count": 0,
    "updated": 1537430293
  },
  {
    "id": "aba68d96-3041-49f8-aa36-43e02ba6f86e",
    "data": [
      {
        "text": "I can\u0027t fall asleep",
        "userDefined": false
      }
    ],
    "isTemplate": false,
    "count": 0,
    "updated": 1537430293
  },
  {
    "id": "6f8bff45-3691-45a2-98ce-15f78699ec32",
    "data": [
      {
        "text": "I can\u0027t get to sleep",
        "userDefined": false
      }
    ],
    "isTemplate": false,
    "count": 0,
    "updated": 1537430293
  },
  {
    "id": "496ea49e-c553-4223-b9b3-2249eacc22ee",
    "data": [
      {
        "text": "I can\u0027t sleep",
        "userDefined": false
      }
    ],
    "isTemplate": false,
    "count": 0,
    "updated": 1537430293
  },
  {
    "id": "a96df856-0342-42e6-bf21-48ab22b175e7",
    "data": [
      {
        "text": "this is so boring",
        "userDefined": false
      }
    ],
    "isTemplate": false,
    "count": 0,
    "updated": 1537430293
  },
  {
    "id": "5d53d4a4-749d-4480-bf6d-4c67194a5aa8",
    "data": [
      {
        "text": "very boring",
        "userDefined": false
      }
    ],
    "isTemplate": false,
    "count": 0,
    "updated": 1537430293
  },
  {
    "id": "b296949b-e447-436e-9867-7a8c8276a865",
    "data": [
      {
        "text": "this is boring",
        "userDefined": false
      }
    ],
    "isTemplate": false,
    "count": 0,
    "updated": 1537430293
  },
  {
    "id": "326c20cb-36c3-40e1-8820-ac179baaff0e",
    "data": [
      {
        "text": "that was boring",
        "userDefined": false
      }
    ],
    "isTemplate": false,
    "count": 1,
    "updated": 1537430293
  },
  {
    "id": "d01c6578-3ce0-4f3d-9f31-b06c890c66d8",
    "data": [
      {
        "text": "I\u0027m bored",
        "userDefined": false
      }
    ],
    "isTemplate": false,
    "count": 0,
    "updated": 1537430293
  },
  {
    "id": "c5c97a0c-dae3-471c-b24f-5a41027b6af2",
    "data": [
      {
        "text": "I missed ",
        "userDefined": false
      },
      {
        "text": "you",
        "meta": "@sys.ignore",
        "userDefined": false
      }
    ],
    "isTemplate": false,
    "count": 0,
    "updated": 1540293727
  },
  {
    "id": "9d92f135-347a-4d86-8076-eb058d109171",
    "data": [
      {
        "text": "missing ",
        "userDefined": false
      },
      {
        "text": "you",
        "meta": "@sys.ignore",
        "userDefined": false
      }
    ],
    "isTemplate": false,
    "count": 0,
    "updated": 1540293727
  },
  {
    "id": "cab187d2-c772-4094-b36d-2252fa1f4d3f",
    "data": [
      {
        "text": "I\u0027ve missed ",
        "userDefined": false
      },
      {
        "text": "you",
        "meta": "@sys.ignore",
        "userDefined": false
      }
    ],
    "isTemplate": false,
    "count": 0,
    "updated": 1540293727
  },
  {
    "id": "8ac6d8ff-a5c2-4d98-8a65-65e77d0795c5",
    "data": [
      {
        "text": "miss ",
        "userDefined": false
      },
      {
        "text": "you",
        "meta": "@sys.ignore",
        "userDefined": false
      }
    ],
    "isTemplate": false,
    "count": 0,
    "updated": 1540293727
  },
  {
    "id": "210f27e7-835c-48b7-8200-519c8b02f10a",
    "data": [
      {
        "text": "I miss ",
        "userDefined": false
      },
      {
        "text": "you",
        "meta": "@sys.ignore",
        "userDefined": false
      }
    ],
    "isTemplate": false,
    "count": 0,
    "updated": 1540293727
  },
  {
    "id": "37c7320e-8fea-4f2f-ad5d-97b79449ed03",
    "data": [
      {
        "text": "I\u0027m really lonely",
        "userDefined": false
      }
    ],
    "isTemplate": false,
    "count": 0,
    "updated": 1537433109
  },
  {
    "id": "faf9c20d-4caf-4e56-9f9d-0b6f6215875b",
    "data": [
      {
        "text": "I am lonely",
        "userDefined": false
      }
    ],
    "isTemplate": false,
    "count": 0,
    "updated": 1537433109
  },
  {
    "id": "078d6016-1af9-46a1-ba64-c645a6485b24",
    "data": [
      {
        "text": "I\u0027m lonely",
        "userDefined": false
      }
    ],
    "isTemplate": false,
    "count": 0,
    "updated": 1537433109
  },
  {
    "id": "05796f57-8a59-47a3-9629-e96f18f74e6f",
    "data": [
      {
        "text": "I\u0027m unhappy",
        "userDefined": false
      }
    ],
    "isTemplate": false,
    "count": 0,
    "updated": 1537433109
  },
  {
    "id": "a30bb8e8-427e-40bc-8f0c-1b414585ac50",
    "data": [
      {
        "text": "I\u0027m not happy",
        "userDefined": false
      }
    ],
    "isTemplate": false,
    "count": 0,
    "updated": 1537433109
  },
  {
    "id": "35f491dd-ef06-4793-b084-549bdc088875",
    "data": [
      {
        "text": "I want to cry",
        "userDefined": false
      }
    ],
    "isTemplate": false,
    "count": 1,
    "updated": 1537433109
  },
  {
    "id": "53529683-c47d-41f3-ac6c-e5a2112341a4",
    "data": [
      {
        "text": "I am upset",
        "userDefined": false
      }
    ],
    "isTemplate": false,
    "count": 0,
    "updated": 1537433109
  },
  {
    "id": "96727f71-92d3-4ce9-9665-06c8bad15682",
    "data": [
      {
        "text": "I\u0027m upset",
        "userDefined": false
      }
    ],
    "isTemplate": false,
    "count": 0,
    "updated": 1537433109
  },
  {
    "id": "a5c33612-cf08-4a8e-8b86-8c418d9ed09c",
    "data": [
      {
        "text": "I am feeling sad",
        "userDefined": false
      }
    ],
    "isTemplate": false,
    "count": 0,
    "updated": 1537433109
  },
  {
    "id": "260e6faa-1077-49f1-96be-070ae4daee04",
    "data": [
      {
        "text": "I\u0027m depressed",
        "userDefined": false
      }
    ],
    "isTemplate": false,
    "count": 0,
    "updated": 1537433109
  },
  {
    "id": "66b5e0b3-9cd4-4404-a911-7e990db95150",
    "data": [
      {
        "text": "I am sad",
        "userDefined": false
      }
    ],
    "isTemplate": false,
    "count": 0,
    "updated": 1537433109
  },
  {
    "id": "afe72e2e-5f9e-4a6c-9d26-4c7fc240309f",
    "data": [
      {
        "text": "😱",
        "alias": "sad-emoji",
        "meta": "@sad-emoji",
        "userDefined": true
      }
    ],
    "isTemplate": false,
    "count": 0,
    "updated": 1537433109
  },
  {
    "id": "a285f77d-5054-4391-bb84-980642333810",
    "data": [
      {
        "text": "I am getting bored",
        "userDefined": false
      }
    ],
    "isTemplate": false,
    "count": 0,
    "updated": 1537430293
  },
  {
    "id": "44fd2ee5-8be7-47cd-a927-d03f11793daf",
    "data": [
      {
        "text": "bored",
        "userDefined": false
      }
    ],
    "isTemplate": false,
    "count": 0,
    "updated": 1537430293
  },
  {
    "id": "f62b5c8f-48d1-42dc-816b-d8658207f130",
    "data": [
      {
        "text": "boring",
        "userDefined": false
      }
    ],
    "isTemplate": false,
    "count": 0,
    "updated": 1537430293
  },
  {
    "id": "4966770a-e872-468c-9ab1-42daa288d429",
    "data": [
      {
        "text": "fail",
        "userDefined": false
      }
    ],
    "isTemplate": false,
    "count": 0,
    "updated": 1527529421
  },
  {
    "id": "df70443f-87ba-4c57-80e0-90ab2386669a",
    "data": [
      {
        "text": "fuck",
        "userDefined": false
      }
    ],
    "isTemplate": false,
    "count": 0,
    "updated": 1527529421
  },
  {
    "id": "e4b90755-9aa7-4f25-8a73-0ea6ebf61b2f",
    "data": [
      {
        "text": "i hate this",
        "userDefined": false
      }
    ],
    "isTemplate": false,
    "count": 0,
    "updated": 1527529421
  },
  {
    "id": "36647706-1308-49bb-ab57-1ca31a9ebb68",
    "data": [
      {
        "text": "angry",
        "userDefined": false
      }
    ],
    "isTemplate": false,
    "count": 0,
    "updated": 1527529421
  },
  {
    "id": "95ae3ba7-819a-42cf-8b62-03ff54458573",
    "data": [
      {
        "text": "bitch",
        "userDefined": false
      }
    ],
    "isTemplate": false,
    "count": 0,
    "updated": 1527529421
  }
]