[
  {
    "id": "93cbcef2-6b37-46c0-824f-1743a89320c7",
    "data": [
      {
        "text": "no hurry",
        "userDefined": false
      }
    ],
    "isTemplate": false,
    "count": 0,
    "updated": 1540301187
  },
  {
    "id": "94c5bad7-7088-41b4-9336-41b83dc6974b",
    "data": [
      {
        "text": "no rush",
        "userDefined": false
      }
    ],
    "isTemplate": false,
    "count": 0,
    "updated": 1540301187
  },
  {
    "id": "ef24c817-99ac-46c6-bf92-39d9ff6bb1b6",
    "data": [
      {
        "text": "No big deal",
        "userDefined": false
      }
    ],
    "isTemplate": false,
    "count": 0,
    "updated": 1540301187
  },
  {
    "id": "96b0ce66-f0bc-4833-9c60-5c9c7ec30788",
    "data": [
      {
        "text": "don\u0027t mind at all",
        "userDefined": false
      }
    ],
    "isTemplate": false,
    "count": 0,
    "updated": 1540301187
  },
  {
    "id": "387cafb8-6817-49ed-b973-2ca327ed8d62",
    "data": [
      {
        "text": "don\u0027t mind",
        "userDefined": false
      }
    ],
    "isTemplate": false,
    "count": 0,
    "updated": 1540301187
  },
  {
    "id": "18b6c26b-6e7a-41d9-8aa8-f5707e521c36",
    "data": [
      {
        "text": "I don\u0027t care at all",
        "userDefined": false
      }
    ],
    "isTemplate": false,
    "count": 0,
    "updated": 1540301187
  },
  {
    "id": "e7f79e63-8192-4331-a1c7-e47ef45c9367",
    "data": [
      {
        "text": "whatever",
        "userDefined": false
      }
    ],
    "isTemplate": false,
    "count": 0,
    "updated": 1540301187
  },
  {
    "id": "0cf91376-072a-4ff9-8fac-13b30f3a265b",
    "data": [
      {
        "text": "I don\u0027t care",
        "userDefined": false
      }
    ],
    "isTemplate": false,
    "count": 0,
    "updated": 1540301187
  },
  {
    "id": "b83276ec-0ec7-44a7-be9a-c1546e0bfd29",
    "data": [
      {
        "text": "I do not care",
        "userDefined": false
      }
    ],
    "isTemplate": false,
    "count": 0,
    "updated": 1540301187
  },
  {
    "id": "23336a70-8163-4a54-a3e3-ef03e1a3f97d",
    "data": [
      {
        "text": "I don\u0027t care about it",
        "userDefined": false
      }
    ],
    "isTemplate": false,
    "count": 0,
    "updated": 1540301187
  },
  {
    "id": "045341da-97b4-4bee-b9e1-517aba87d255",
    "data": [
      {
        "text": "not caring",
        "userDefined": false
      }
    ],
    "isTemplate": false,
    "count": 0,
    "updated": 1540301187
  }
]