[
  {
    "id": "e012043b-3666-45cc-ba79-2d4f8b8e059f",
    "data": [
      {
        "text": "why not",
        "userDefined": false
      }
    ],
    "isTemplate": false,
    "count": 1,
    "updated": 1537517656
  },
  {
    "id": "c6b069a4-38d3-4989-b356-4958bc8c7a23",
    "data": [
      {
        "text": "Okay",
        "userDefined": false
      }
    ],
    "isTemplate": false,
    "count": 0,
    "updated": 1537517656
  },
  {
    "id": "043ef8c5-2336-4ee3-9c80-b0c944487228",
    "data": [
      {
        "text": "kk",
        "userDefined": false
      }
    ],
    "isTemplate": false,
    "count": 0,
    "updated": 1537517656
  },
  {
    "id": "ac85f801-ea08-4c6b-a501-06678e2dc58c",
    "data": [
      {
        "text": "yaass",
        "userDefined": false
      }
    ],
    "isTemplate": false,
    "count": 0,
    "updated": 1537374829
  },
  {
    "id": "8f99f796-b225-4930-a569-05effa7efc9c",
    "data": [
      {
        "text": "yes",
        "userDefined": false
      }
    ],
    "isTemplate": false,
    "count": 0,
    "updated": 1537517656
  },
  {
    "id": "a6e89647-d21b-49cd-9b84-c5d3d85db660",
    "data": [
      {
        "text": "Got it",
        "userDefined": false
      }
    ],
    "isTemplate": false,
    "count": 0,
    "updated": 1537517656
  },
  {
    "id": "a6827500-7624-4220-ab21-631d2fc057f2",
    "data": [
      {
        "text": "makes sense",
        "userDefined": false
      }
    ],
    "isTemplate": false,
    "count": 0,
    "updated": 1537517656
  },
  {
    "id": "7e455833-1b61-4b7a-956e-7e89092b0771",
    "data": [
      {
        "text": "Cool",
        "userDefined": false
      }
    ],
    "isTemplate": false,
    "count": 0,
    "updated": 1537517656
  },
  {
    "id": "81688ba9-958d-419d-a9f5-76acfa528f88",
    "data": [
      {
        "text": "Awesome",
        "userDefined": false
      }
    ],
    "isTemplate": false,
    "count": 0,
    "updated": 1537517656
  },
  {
    "id": "67504197-dd55-41b2-9a15-c28f294bb484",
    "data": [
      {
        "text": "OK",
        "userDefined": false
      }
    ],
    "isTemplate": false,
    "count": 0,
    "updated": 1537517656
  },
  {
    "id": "cc471592-a162-4e57-8222-b196c79feac4",
    "data": [
      {
        "text": "sure",
        "userDefined": false
      }
    ],
    "isTemplate": false,
    "count": 0,
    "updated": 1537517656
  },
  {
    "id": "d9557ff4-7961-414a-9af2-b5b770e1d92c",
    "data": [
      {
        "text": "Sweet",
        "userDefined": false
      }
    ],
    "isTemplate": false,
    "count": 0,
    "updated": 1537517656
  },
  {
    "id": "3c0c972d-bc89-4a54-a053-49b86eb5d672",
    "data": [
      {
        "text": "yup",
        "userDefined": false
      }
    ],
    "isTemplate": false,
    "count": 0,
    "updated": 1537517656
  },
  {
    "id": "ad468dcb-25c2-4494-81ba-b11aba327139",
    "data": [
      {
        "text": "Perfect",
        "userDefined": false
      }
    ],
    "isTemplate": false,
    "count": 0,
    "updated": 1537517656
  },
  {
    "id": "9e2598d3-8911-4384-accf-787e58374081",
    "data": [
      {
        "text": "Okay I will check it.",
        "userDefined": false
      }
    ],
    "isTemplate": false,
    "count": 0,
    "updated": 1537517656
  }
]