[
  {
    "id": "b31d6ecc-16e1-4b00-ac73-82a9960ac9f9",
    "data": [
      {
        "text": "not right now",
        "userDefined": false
      }
    ],
    "isTemplate": false,
    "count": 0,
    "updated": 1537590125
  },
  {
    "id": "0ca73b0e-cfb3-478e-aa33-bff7802112ed",
    "data": [
      {
        "text": "that\u0027s all",
        "userDefined": false
      }
    ],
    "isTemplate": false,
    "count": 0,
    "updated": 1537451648
  },
  {
    "id": "8a8e6ac1-3513-4d85-bcf5-b169eadf8aca",
    "data": [
      {
        "text": "not a ",
        "userDefined": false
      },
      {
        "text": "chance",
        "meta": "@sys.ignore",
        "userDefined": false
      }
    ],
    "isTemplate": false,
    "count": 0,
    "updated": 1537239029
  },
  {
    "id": "80da8a34-2fd9-4799-81b4-2db99cdd7db6",
    "data": [
      {
        "text": "no way",
        "userDefined": false
      }
    ],
    "isTemplate": false,
    "count": 0,
    "updated": 1537239029
  },
  {
    "id": "fefa83ff-914f-41d6-aa47-f6b13b9d8bd0",
    "data": [
      {
        "text": "never mind",
        "userDefined": false
      }
    ],
    "isTemplate": false,
    "count": 0,
    "updated": 1537239029
  },
  {
    "id": "a0332002-4eda-4ed9-bb8e-33c4080569dc",
    "data": [
      {
        "text": "nope",
        "userDefined": false
      }
    ],
    "isTemplate": false,
    "count": 0,
    "updated": 1537239029
  },
  {
    "id": "22d8b099-eaf9-4553-bdc5-b465136cdedf",
    "data": [
      {
        "text": "no thanks",
        "userDefined": false
      }
    ],
    "isTemplate": false,
    "count": 0,
    "updated": 1537239029
  },
  {
    "id": "ee409a31-60fd-4884-809f-07270f83db10",
    "data": [
      {
        "text": "nah",
        "userDefined": false
      }
    ],
    "isTemplate": false,
    "count": 0,
    "updated": 1537239029
  },
  {
    "id": "aebb5c1e-928e-42bf-95dd-4e929812d5b4",
    "data": [
      {
        "text": "not really",
        "userDefined": false
      }
    ],
    "isTemplate": false,
    "count": 0,
    "updated": 1537239029
  },
  {
    "id": "46b18956-b506-4bef-9d68-2e1dbd828f87",
    "data": [
      {
        "text": "No",
        "userDefined": false
      }
    ],
    "isTemplate": false,
    "count": 0,
    "updated": 1537239029
  },
  {
    "id": "4b0c2c53-3af2-4925-843d-2c8c4a5dc889",
    "data": [
      {
        "text": "um no",
        "userDefined": false
      }
    ],
    "isTemplate": false,
    "count": 0,
    "updated": 1527566939
  }
]