[
  {
    "id": "536e6799-fb44-4689-a40b-41e02d7b8f4d",
    "data": [
      {
        "text": "how?",
        "userDefined": false
      }
    ],
    "isTemplate": false,
    "count": 0,
    "updated": 1537947247
  },
  {
    "id": "151b4dbb-131c-4e73-b2e0-f2366df9da4e",
    "data": [
      {
        "text": "show me",
        "userDefined": false
      }
    ],
    "isTemplate": false,
    "count": 0,
    "updated": 1537947247
  },
  {
    "id": "65e01d4d-d6b3-415a-b9bf-b12b9a064683",
    "data": [
      {
        "text": "tell me",
        "userDefined": false
      }
    ],
    "isTemplate": false,
    "count": 0,
    "updated": 1537947247
  },
  {
    "id": "7122614f-9a8b-4358-b17d-34a20e523fb8",
    "data": [
      {
        "text": "I want to know",
        "userDefined": false
      }
    ],
    "isTemplate": false,
    "count": 0,
    "updated": 1537947247
  },
  {
    "id": "c559d460-8035-4a3d-9e83-f2277465ed74",
    "data": [
      {
        "text": "I\u0027d like to more",
        "userDefined": false
      }
    ],
    "isTemplate": false,
    "count": 0,
    "updated": 1537947247
  },
  {
    "id": "766a36c6-eb10-4c41-a71b-5e8b9ae328ef",
    "data": [
      {
        "text": "I want to know more",
        "userDefined": false
      }
    ],
    "isTemplate": false,
    "count": 0,
    "updated": 1537947247
  },
  {
    "id": "c1c991bf-5b82-427c-81a3-47c10b164f20",
    "data": [
      {
        "text": "explain please",
        "userDefined": false
      }
    ],
    "isTemplate": false,
    "count": 0,
    "updated": 1537947247
  },
  {
    "id": "954f3702-28f6-4f7b-902a-d32643ee78f2",
    "data": [
      {
        "text": "something else",
        "userDefined": false
      }
    ],
    "isTemplate": false,
    "count": 0,
    "updated": 1537947247
  },
  {
    "id": "40833bea-d08d-4bb2-baa6-75924380e0ce",
    "data": [
      {
        "text": "tell me more",
        "userDefined": false
      }
    ],
    "isTemplate": false,
    "count": 0,
    "updated": 1537947247
  },
  {
    "id": "b80df5d7-71c3-45c7-8433-4758f0d51ffb",
    "data": [
      {
        "text": "please explain",
        "userDefined": false
      }
    ],
    "isTemplate": false,
    "count": 0,
    "updated": 1537222641
  }
]