[
  {
    "id": "1b7499c6-a8c4-43ea-9cc9-551fa56b3c76",
    "data": [
      {
        "text": "test",
        "userDefined": false
      }
    ],
    "isTemplate": false,
    "count": 0,
    "updated": 1540299838
  },
  {
    "id": "1dc9ac85-5733-4772-bad5-bf88f1b9ff94",
    "data": [
      {
        "text": "I am testing ",
        "userDefined": false
      },
      {
        "text": "you",
        "meta": "@sys.ignore",
        "userDefined": false
      }
    ],
    "isTemplate": false,
    "count": 0,
    "updated": 1540299838
  },
  {
    "id": "52e73e82-bbc7-4fb4-8526-fc40817aa572",
    "data": [
      {
        "text": "I want to test ",
        "userDefined": false
      },
      {
        "text": "you",
        "meta": "@sys.ignore",
        "userDefined": false
      }
    ],
    "isTemplate": false,
    "count": 0,
    "updated": 1540299838
  },
  {
    "id": "7b28853b-92e9-4853-8ce8-44ae7cac8bf8",
    "data": [
      {
        "text": "Does this work?",
        "userDefined": false
      }
    ],
    "isTemplate": false,
    "count": 0,
    "updated": 1540299838
  },
  {
    "id": "a8a58ee7-b45c-43f9-9a27-d63540e3c045",
    "data": [
      {
        "text": "testing bot",
        "meta": "@sys.ignore",
        "userDefined": false
      }
    ],
    "isTemplate": false,
    "count": 0,
    "updated": 1540300490
  },
  {
    "id": "a63f44b2-5b65-49eb-8e86-66ffcfb193dc",
    "data": [
      {
        "text": "let me test ",
        "userDefined": false
      },
      {
        "text": "you",
        "meta": "@sys.ignore",
        "userDefined": false
      }
    ],
    "isTemplate": false,
    "count": 0,
    "updated": 1540299838
  },
  {
    "id": "fefa2f92-2280-4584-8a18-cec7f50644a5",
    "data": [
      {
        "text": "just testing ",
        "userDefined": false
      },
      {
        "text": "you",
        "meta": "@sys.ignore",
        "userDefined": false
      }
    ],
    "isTemplate": false,
    "count": 0,
    "updated": 1540299838
  },
  {
    "id": "416851c1-7ffe-44a2-814f-22943e11b01e",
    "data": [
      {
        "text": "can I test ",
        "userDefined": false
      },
      {
        "text": "you",
        "meta": "@sys.ignore",
        "userDefined": false
      }
    ],
    "isTemplate": false,
    "count": 0,
    "updated": 1540299838
  },
  {
    "id": "a9e50874-40e9-4ca5-a48e-ba3d157cf42a",
    "data": [
      {
        "text": "are ",
        "userDefined": false
      },
      {
        "text": "you",
        "meta": "@sys.ignore",
        "userDefined": false
      },
      {
        "text": " sure",
        "userDefined": false
      }
    ],
    "isTemplate": false,
    "count": 0,
    "updated": 1540299838
  },
  {
    "id": "8db95259-8b70-4aa3-956f-8c05c4145b38",
    "data": [
      {
        "text": "I\u0027m going to test",
        "userDefined": false
      }
    ],
    "isTemplate": false,
    "count": 0,
    "updated": 1540299838
  },
  {
    "id": "6fd1ee62-0ecf-4adb-beb8-fadf497738c8",
    "data": [
      {
        "text": "I\u0027ll test",
        "userDefined": false
      }
    ],
    "isTemplate": false,
    "count": 0,
    "updated": 1537585995
  },
  {
    "id": "97f173c5-4bd6-4176-ae4e-19d4af93c78c",
    "data": [
      {
        "text": "let me test",
        "userDefined": false
      }
    ],
    "isTemplate": false,
    "count": 0,
    "updated": 1537585995
  },
  {
    "id": "84a58d4d-7203-4839-a25b-0575b980571f",
    "data": [
      {
        "text": "testing ",
        "userDefined": false
      },
      {
        "text": "123",
        "alias": "number",
        "meta": "@sys.number",
        "userDefined": false
      }
    ],
    "isTemplate": false,
    "count": 0,
    "updated": 1537585995
  },
  {
    "id": "5730dcd9-da81-41f8-8c3a-37dcf68a05ec",
    "data": [
      {
        "text": "testing",
        "userDefined": false
      }
    ],
    "isTemplate": false,
    "count": 0,
    "updated": 1537585995
  },
  {
    "id": "83ae9333-e909-4d64-8f2f-bc858b8068be",
    "data": [
      {
        "text": "this is a test",
        "userDefined": false
      }
    ],
    "isTemplate": false,
    "count": 1,
    "updated": 1537585995
  },
  {
    "id": "f80b8ec7-eb29-43a2-ba10-85976fef0dbf",
    "data": [
      {
        "text": "let\u0027s test this",
        "userDefined": false
      }
    ],
    "isTemplate": false,
    "count": 0,
    "updated": 1537585995
  },
  {
    "id": "1bfd7caa-ae09-4f60-8b14-0b817b52f8de",
    "data": [
      {
        "text": "I will test it",
        "userDefined": false
      }
    ],
    "isTemplate": false,
    "count": 0,
    "updated": 1537585995
  },
  {
    "id": "d3979ff6-20c8-4211-a13f-c73b4ebefe74",
    "data": [
      {
        "text": "I will test ",
        "userDefined": false
      },
      {
        "text": "you",
        "meta": "@sys.ignore",
        "userDefined": false
      }
    ],
    "isTemplate": false,
    "count": 0,
    "updated": 1540299838
  },
  {
    "id": "cd1b902e-fd82-4e12-a6c2-7563f6db5a57",
    "data": [
      {
        "text": "do ",
        "userDefined": false
      },
      {
        "text": "you",
        "meta": "@sys.ignore",
        "userDefined": false
      },
      {
        "text": " want to eat",
        "userDefined": false
      }
    ],
    "isTemplate": false,
    "count": 0,
    "updated": 1540299838
  },
  {
    "id": "193b6cb1-a586-431e-a9a2-9359141165fa",
    "data": [
      {
        "text": "are ",
        "userDefined": false
      },
      {
        "text": "you",
        "meta": "@sys.ignore",
        "userDefined": false
      },
      {
        "text": " hungry",
        "userDefined": false
      }
    ],
    "isTemplate": false,
    "count": 0,
    "updated": 1540299838
  },
  {
    "id": "35faac52-ed2e-4a3f-9609-bbe9655e548e",
    "data": [
      {
        "text": "would ",
        "userDefined": false
      },
      {
        "text": "you",
        "meta": "@sys.ignore",
        "userDefined": false
      },
      {
        "text": " like to eat?",
        "userDefined": false
      }
    ],
    "isTemplate": false,
    "count": 0,
    "updated": 1540299838
  },
  {
    "id": "1ba1c25b-d9fc-4a0f-9767-8d4ce2456d14",
    "data": [
      {
        "text": "news for ",
        "userDefined": false
      },
      {
        "text": "Toronto",
        "alias": "geo-city",
        "meta": "@sys.geo-city",
        "userDefined": false
      }
    ],
    "isTemplate": false,
    "count": 1,
    "updated": 1537396478
  },
  {
    "id": "186a6688-1a4d-4bf9-898c-8c42f6331bf5",
    "data": [
      {
        "text": "Can you tell me the news?",
        "userDefined": false
      }
    ],
    "isTemplate": false,
    "count": 0,
    "updated": 1537396478
  },
  {
    "id": "8642dd0f-9396-48a5-bb8d-afed4ea320ae",
    "data": [
      {
        "text": "What is the latest news?",
        "userDefined": false
      }
    ],
    "isTemplate": false,
    "count": 1,
    "updated": 1537396478
  },
  {
    "id": "b87bd75d-5b15-493d-9887-e3526e4e5b72",
    "data": [
      {
        "text": "what time is it?",
        "userDefined": false
      }
    ],
    "isTemplate": false,
    "count": 0,
    "updated": 1537396478
  },
  {
    "id": "27c41acb-b642-474e-8b92-27dd57dc954d",
    "data": [
      {
        "text": "do you have the time?",
        "userDefined": false
      }
    ],
    "isTemplate": false,
    "count": 0,
    "updated": 1537396478
  },
  {
    "id": "97e772cb-9882-40c6-b6d0-1c5b25a15489",
    "data": [
      {
        "text": "tell me the time",
        "userDefined": false
      }
    ],
    "isTemplate": false,
    "count": 0,
    "updated": 1537396478
  },
  {
    "id": "f26049ad-0854-4f21-a1be-c178931c5c1e",
    "data": [
      {
        "text": "I need the time",
        "userDefined": false
      }
    ],
    "isTemplate": false,
    "count": 0,
    "updated": 1537396478
  },
  {
    "id": "8e6d0532-5aca-48dc-87a4-2852df23fcf5",
    "data": [
      {
        "text": "Do ",
        "userDefined": false
      },
      {
        "text": "you",
        "meta": "@sys.ignore",
        "userDefined": false
      },
      {
        "text": " know the time?",
        "userDefined": false
      }
    ],
    "isTemplate": false,
    "count": 0,
    "updated": 1540299838
  },
  {
    "id": "2067f683-2a4d-4410-950d-2a5a71c64959",
    "data": [
      {
        "text": "What day is it?",
        "userDefined": false
      }
    ],
    "isTemplate": false,
    "count": 0,
    "updated": 1537396478
  },
  {
    "id": "001cb664-5675-468c-a947-774fbc6e305a",
    "data": [
      {
        "text": "What is the weather in ",
        "userDefined": false
      },
      {
        "text": "Canada",
        "alias": "geo-country",
        "meta": "@sys.geo-country",
        "userDefined": false
      },
      {
        "text": "?",
        "userDefined": false
      }
    ],
    "isTemplate": false,
    "count": 0,
    "updated": 1537396478
  },
  {
    "id": "369b005c-62ce-4f87-8b32-2ce25aa1a754",
    "data": [
      {
        "text": "do ",
        "userDefined": false
      },
      {
        "text": "you",
        "meta": "@sys.ignore",
        "userDefined": false
      },
      {
        "text": " know the weather",
        "userDefined": false
      }
    ],
    "isTemplate": false,
    "count": 0,
    "updated": 1540299838
  },
  {
    "id": "68e129e4-d5a7-4467-8968-18f54407a72f",
    "data": [
      {
        "text": "weather",
        "userDefined": false
      }
    ],
    "isTemplate": false,
    "count": 0,
    "updated": 1537249351
  },
  {
    "id": "0f2cb4a7-790d-46e9-8fb5-60b4a54a13d9",
    "data": [
      {
        "text": "can ",
        "userDefined": false
      },
      {
        "text": "you",
        "meta": "@sys.ignore",
        "userDefined": true
      },
      {
        "text": " tell me the weather",
        "userDefined": false
      }
    ],
    "isTemplate": false,
    "count": 0,
    "updated": 1540299838
  },
  {
    "id": "31bb5d1d-54f1-4373-a3f8-79e39221c64d",
    "data": [
      {
        "text": "What\u0027s the weather?",
        "userDefined": false
      }
    ],
    "isTemplate": false,
    "count": 0,
    "updated": 1537249351
  },
  {
    "id": "4c71f37b-0e7d-4b84-bf8d-63cab0b406e7",
    "data": [
      {
        "text": "what\u0027s the weather down south?",
        "userDefined": false
      }
    ],
    "isTemplate": false,
    "count": 0,
    "updated": 1537249351
  },
  {
    "id": "741c0b83-841b-4f69-b432-eb228fb2cdf7",
    "data": [
      {
        "text": "what\u0027s the weather in ",
        "userDefined": false
      },
      {
        "text": "san fran",
        "alias": "geo-city",
        "meta": "@sys.geo-city",
        "userDefined": true
      }
    ],
    "isTemplate": false,
    "count": 0,
    "updated": 1537249351
  },
  {
    "id": "a9bdf194-2000-4beb-b2fd-91296b1876ed",
    "data": [
      {
        "text": "what\u0027s the weather in ",
        "userDefined": false
      },
      {
        "text": "san francisco",
        "alias": "geo-city",
        "meta": "@sys.geo-city",
        "userDefined": true
      },
      {
        "text": "?",
        "userDefined": false
      }
    ],
    "isTemplate": false,
    "count": 0,
    "updated": 1537249351
  },
  {
    "id": "a7cf10e8-1c9d-4688-aa74-d163a07b5a0f",
    "data": [
      {
        "text": "what is the weather in ",
        "userDefined": false
      },
      {
        "text": "montreal",
        "alias": "geo-city",
        "meta": "@sys.geo-city",
        "userDefined": true
      }
    ],
    "isTemplate": false,
    "count": 0,
    "updated": 1537249351
  },
  {
    "id": "c5fbe36a-7f81-4d12-a7e1-ca8ec874e2c9",
    "data": [
      {
        "text": "weather please",
        "userDefined": false
      }
    ],
    "isTemplate": false,
    "count": 0,
    "updated": 1537249351
  },
  {
    "id": "fc1f5284-4829-47ce-b154-38ce202168a6",
    "data": [
      {
        "text": "what\u0027s the weather in ",
        "userDefined": false
      },
      {
        "text": "texas",
        "alias": "geo-city",
        "meta": "@sys.geo-city",
        "userDefined": true
      },
      {
        "text": "?",
        "userDefined": false
      }
    ],
    "isTemplate": false,
    "count": 0,
    "updated": 1527402361
  }
]