[
  {
    "id": "2fbe2dd8-8d79-4c42-9db4-fe5b3c5f175c",
    "data": [
      {
        "text": "Ok here",
        "userDefined": false
      }
    ],
    "isTemplate": false,
    "count": 0,
    "updated": 1537431706
  },
  {
    "id": "b5b80c53-247d-426b-8cf6-3f2326d8fff9",
    "data": [
      {
        "text": "now I\u0027m here",
        "userDefined": false
      }
    ],
    "isTemplate": false,
    "count": 0,
    "updated": 1537431706
  },
  {
    "id": "d4b55571-2ecd-4a65-b64c-e0baf40da3d0",
    "data": [
      {
        "text": "I\u0027m here now",
        "userDefined": false
      }
    ],
    "isTemplate": false,
    "count": 0,
    "updated": 1537431706
  },
  {
    "id": "a11500d5-d9de-43b9-94c3-d923db7f90f7",
    "data": [
      {
        "text": "I\u0027m right here",
        "userDefined": false
      }
    ],
    "isTemplate": false,
    "count": 0,
    "updated": 1537431706
  },
  {
    "id": "f2ed05c3-bd00-4737-8623-dd2917d730e3",
    "data": [
      {
        "text": "I\u0027m already here",
        "userDefined": false
      }
    ],
    "isTemplate": false,
    "count": 0,
    "updated": 1537431706
  },
  {
    "id": "632d88fb-c9d5-43c7-b836-3b596f1b125c",
    "data": [
      {
        "text": "here I am",
        "userDefined": false
      }
    ],
    "isTemplate": false,
    "count": 0,
    "updated": 1537431706
  },
  {
    "id": "46617a91-32b6-4c1b-84c9-8a073ed9cd7b",
    "data": [
      {
        "text": "I am here",
        "userDefined": false
      }
    ],
    "isTemplate": false,
    "count": 0,
    "updated": 1537431706
  },
  {
    "id": "b236a042-05c5-428b-8013-be7a404421db",
    "data": [
      {
        "text": "just got back",
        "userDefined": false
      }
    ],
    "isTemplate": false,
    "count": 0,
    "updated": 1537430865
  },
  {
    "id": "3a6b4f4d-3c3f-49b8-adba-8225cde3f225",
    "data": [
      {
        "text": "here I am again",
        "userDefined": false
      }
    ],
    "isTemplate": false,
    "count": 0,
    "updated": 1537430865
  },
  {
    "id": "e1117a4a-2d2c-40e6-99cd-b9c44f094d38",
    "data": [
      {
        "text": "I\u0027ve returned",
        "userDefined": false
      }
    ],
    "isTemplate": false,
    "count": 0,
    "updated": 1537430865
  },
  {
    "id": "99baded2-a4ec-4d56-97a4-50982636c4bd",
    "data": [
      {
        "text": "I am back",
        "userDefined": false
      }
    ],
    "isTemplate": false,
    "count": 0,
    "updated": 1537430865
  },
  {
    "id": "9b8e95b1-c84a-44ba-ae3b-95c71a88f23e",
    "data": [
      {
        "text": "I\u0027m back",
        "userDefined": false
      }
    ],
    "isTemplate": false,
    "count": 0,
    "updated": 1537430865
  },
  {
    "id": "8b467536-93a0-44c4-9738-0d9d40df270b",
    "data": [
      {
        "text": "I\u0027m here again",
        "userDefined": false
      }
    ],
    "isTemplate": false,
    "count": 0,
    "updated": 1537430865
  },
  {
    "id": "861bc088-3236-441a-8625-e7514321d1ae",
    "data": [
      {
        "text": "Talk to ",
        "userDefined": false
      },
      {
        "text": "you",
        "meta": "@sys.ignore",
        "userDefined": true
      }
    ],
    "isTemplate": false,
    "count": 0,
    "updated": 1496182066
  },
  {
    "id": "f6036603-30f0-46c5-ac4e-d788a7eb9b70",
    "data": [
      {
        "text": "why ",
        "userDefined": false
      },
      {
        "text": "don\u0027t",
        "meta": "@sys.ignore",
        "userDefined": false
      },
      {
        "text": " you talk to me",
        "userDefined": false
      }
    ],
    "isTemplate": false,
    "count": 1,
    "updated": 0
  },
  {
    "id": "d66f5821-fb50-474b-adeb-ef2441c7aa2a",
    "data": [
      {
        "text": "you can talk to me",
        "userDefined": false
      }
    ],
    "isTemplate": false,
    "count": 0,
    "updated": 0
  },
  {
    "id": "917def4e-ac6d-4d21-a86f-2905991d880f",
    "data": [
      {
        "text": "are",
        "meta": "@sys.ignore",
        "userDefined": false
      },
      {
        "text": " you going to talk to me",
        "userDefined": false
      }
    ],
    "isTemplate": false,
    "count": 0,
    "updated": 0
  },
  {
    "id": "760d04a7-ea16-4600-986a-720c1f50fc2f",
    "data": [
      {
        "text": "can you chat with me",
        "userDefined": false
      }
    ],
    "isTemplate": false,
    "count": 0,
    "updated": 0
  },
  {
    "id": "39dcc37f-a1f1-4a6b-b01e-721372aedd1b",
    "data": [
      {
        "text": "say",
        "meta": "@sys.ignore",
        "userDefined": false
      }
    ],
    "isTemplate": false,
    "count": 0,
    "updated": 0
  },
  {
    "id": "e6ee9731-83d5-401a-b296-48c6062c8acc",
    "data": [
      {
        "text": "speak with me",
        "userDefined": false
      }
    ],
    "isTemplate": false,
    "count": 0,
    "updated": 0
  },
  {
    "id": "b54333d4-c8d2-455a-bbeb-82f823473e53",
    "data": [
      {
        "text": "just chat with me",
        "userDefined": false
      }
    ],
    "isTemplate": false,
    "count": 0,
    "updated": 0
  },
  {
    "id": "90f7dc72-851d-4ee4-ade4-ab0a637a151d",
    "data": [
      {
        "text": "talk with me",
        "userDefined": false
      }
    ],
    "isTemplate": false,
    "count": 1,
    "updated": 0
  },
  {
    "id": "46660d89-9ec6-4adb-bb78-d01e7bb5b7c6",
    "data": [
      {
        "text": "chat with me",
        "userDefined": false
      }
    ],
    "isTemplate": false,
    "count": 1,
    "updated": 0
  },
  {
    "id": "87ffd809-0fe1-4116-9bb2-28360acae2f8",
    "data": [
      {
        "text": "why aren\u0027t you talking to me",
        "userDefined": false
      }
    ],
    "isTemplate": false,
    "count": 0,
    "updated": 0
  },
  {
    "id": "92c489a0-f4d5-49ea-a1e0-1fc10bdaf06d",
    "data": [
      {
        "text": "will",
        "meta": "@sys.ignore",
        "userDefined": false
      },
      {
        "text": " you talk to me",
        "userDefined": false
      }
    ],
    "isTemplate": false,
    "count": 0,
    "updated": 1537488250
  },
  {
    "id": "eef449fb-c819-4911-a19a-f21e5b5b7b0f",
    "data": [
      {
        "text": "talk to me",
        "userDefined": false
      }
    ],
    "isTemplate": false,
    "count": 1,
    "updated": 1537488250
  },
  {
    "id": "1f9240ad-25f8-4489-8315-91547a29b9dc",
    "data": [
      {
        "text": "are",
        "meta": "@sys.ignore",
        "userDefined": false
      },
      {
        "text": " you talking to me",
        "userDefined": false
      }
    ],
    "isTemplate": false,
    "count": 0,
    "updated": 1537488250
  },
  {
    "id": "5ba5097c-1847-43a7-ba22-d350072bf5e3",
    "data": [
      {
        "text": "can you speak with me",
        "userDefined": false
      }
    ],
    "isTemplate": false,
    "count": 0,
    "updated": 1537488250
  },
  {
    "id": "6f387ed4-6beb-46f9-a9f0-80c02a64527f",
    "data": [
      {
        "text": "speak to me",
        "userDefined": false
      }
    ],
    "isTemplate": false,
    "count": 0,
    "updated": 1537488250
  },
  {
    "id": "94220238-c646-4b61-bedf-4b9b43732209",
    "data": [
      {
        "text": "do you want to chat with me",
        "userDefined": false
      }
    ],
    "isTemplate": false,
    "count": 0,
    "updated": 1537488250
  },
  {
    "id": "e073ed24-8c21-42b9-9d6d-65eae613ed0c",
    "data": [
      {
        "text": "*You*: `Talk to Janis`",
        "userDefined": false
      }
    ],
    "isTemplate": false,
    "count": 0,
    "updated": 1537488250
  },
  {
    "id": "8df628a6-e66f-4eba-9d92-a310e2990f6d",
    "data": [
      {
        "text": "talk",
        "meta": "@sys.ignore",
        "userDefined": false
      }
    ],
    "isTemplate": false,
    "count": 1,
    "updated": 0
  },
  {
    "id": "e13ad750-2e70-4745-8ee0-c413e946c217",
    "data": [
      {
        "text": "can you talk with me",
        "userDefined": false
      }
    ],
    "isTemplate": false,
    "count": 0,
    "updated": 1537488250
  },
  {
    "id": "63ec719b-22d4-470e-b8b0-fa9f30fe6fc4",
    "data": [
      {
        "text": "can you talk to me",
        "userDefined": false
      }
    ],
    "isTemplate": false,
    "count": 0,
    "updated": 1537488250
  }
]