[
  {
    "id": "cb50cc59-12ca-4f39-b74e-c06c13f1a9c6",
    "data": [
      {
        "text": "shitty",
        "userDefined": false
      }
    ],
    "isTemplate": false,
    "count": 0,
    "updated": 1540293727
  },
  {
    "id": "82535069-dd4e-4ab5-a6ab-61084ccb3109",
    "data": [
      {
        "text": "piece of shit",
        "userDefined": false
      }
    ],
    "isTemplate": false,
    "count": 0,
    "updated": 1540293727
  },
  {
    "id": "e096b98b-e4b8-4f4e-b59d-948a24380f70",
    "data": [
      {
        "text": "total crap",
        "userDefined": false
      }
    ],
    "isTemplate": false,
    "count": 0,
    "updated": 1540293727
  },
  {
    "id": "8354a7ad-9d26-4302-a439-5da3dc4832cb",
    "data": [
      {
        "text": "not good",
        "userDefined": false
      }
    ],
    "isTemplate": false,
    "count": 0,
    "updated": 1540293727
  },
  {
    "id": "53e369f4-5078-4082-8f64-111f4c202e1e",
    "data": [
      {
        "text": "bad idea",
        "userDefined": false
      }
    ],
    "isTemplate": false,
    "count": 0,
    "updated": 1540293727
  },
  {
    "id": "ff2195c3-0f5c-4840-ad65-6dfdcba2f05b",
    "data": [
      {
        "text": "not a good one",
        "userDefined": false
      }
    ],
    "isTemplate": false,
    "count": 0,
    "updated": 1540293727
  },
  {
    "id": "8e5398c5-adcf-4bc8-ba09-0d3b91ca1308",
    "data": [
      {
        "text": "this is bad",
        "userDefined": false
      }
    ],
    "isTemplate": false,
    "count": 0,
    "updated": 1540293727
  },
  {
    "id": "a605dc2b-5500-4a36-a3d3-490d5875458a",
    "data": [
      {
        "text": "that\u0027s not good",
        "userDefined": false
      }
    ],
    "isTemplate": false,
    "count": 0,
    "updated": 1540293727
  },
  {
    "id": "9416ee7f-501c-4768-91f3-4c070cb64105",
    "data": [
      {
        "text": "well that\u0027s too bad",
        "userDefined": false
      }
    ],
    "isTemplate": false,
    "count": 0,
    "updated": 1540293727
  },
  {
    "id": "829738c6-92c9-4bd3-bddf-360af4fb4e26",
    "data": [
      {
        "text": "too bad",
        "userDefined": false
      }
    ],
    "isTemplate": false,
    "count": 0,
    "updated": 1540293727
  },
  {
    "id": "ebc5bc63-ac7c-4c61-92e8-9c018074ca26",
    "data": [
      {
        "text": "worse than I expected",
        "userDefined": false
      }
    ],
    "isTemplate": false,
    "count": 0,
    "updated": 1537595463
  },
  {
    "id": "743826f0-62da-4c7d-9648-6fe7af63cdf8",
    "data": [
      {
        "text": "worse than I thought",
        "userDefined": false
      }
    ],
    "isTemplate": false,
    "count": 0,
    "updated": 1537595463
  },
  {
    "id": "bb206865-6e70-451c-bfa8-7bafae5078ca",
    "data": [
      {
        "text": "below average",
        "userDefined": false
      }
    ],
    "isTemplate": false,
    "count": 0,
    "updated": 1537595463
  },
  {
    "id": "e673b462-4b26-4fbc-ab0f-eb046c7b5364",
    "data": [
      {
        "text": "abysmal",
        "userDefined": false
      }
    ],
    "isTemplate": false,
    "count": 0,
    "updated": 1537595463
  },
  {
    "id": "0676f00c-ac43-417c-a67f-997d2b960036",
    "data": [
      {
        "text": "it\u0027s very bad",
        "userDefined": false
      }
    ],
    "isTemplate": false,
    "count": 0,
    "updated": 1537595463
  },
  {
    "id": "23a7b25e-08c9-4ec6-b255-8459ff27d0cc",
    "data": [
      {
        "text": "it\u0027s not good",
        "userDefined": false
      }
    ],
    "isTemplate": false,
    "count": 0,
    "updated": 1537595463
  },
  {
    "id": "b312b866-186a-4a94-bb99-1297eb8695f4",
    "data": [
      {
        "text": "very bad",
        "userDefined": false
      }
    ],
    "isTemplate": false,
    "count": 0,
    "updated": 1537595463
  },
  {
    "id": "14ac17fa-4acf-4902-a1a8-41ea68cf0e3a",
    "data": [
      {
        "text": "that\u0027s terrible",
        "userDefined": false
      }
    ],
    "isTemplate": false,
    "count": 0,
    "updated": 1537595463
  },
  {
    "id": "0844e0c9-717d-4b32-af9a-4eacac5829aa",
    "data": [
      {
        "text": "that was horrible",
        "userDefined": false
      }
    ],
    "isTemplate": false,
    "count": 0,
    "updated": 1537595463
  },
  {
    "id": "e50c419d-6be3-4506-b747-4c6336d621ff",
    "data": [
      {
        "text": "not good enough",
        "userDefined": false
      }
    ],
    "isTemplate": false,
    "count": 0,
    "updated": 1537595463
  },
  {
    "id": "7fe7eaaa-4f17-4215-9f71-0289dfe66b9d",
    "data": [
      {
        "text": "this is not good",
        "userDefined": false
      }
    ],
    "isTemplate": false,
    "count": 0,
    "updated": 1537595463
  },
  {
    "id": "ca39dac9-2dd3-4060-96ae-bf87dd13e080",
    "data": [
      {
        "text": "this is no good",
        "userDefined": false
      }
    ],
    "isTemplate": false,
    "count": 0,
    "updated": 1537595463
  },
  {
    "id": "f4a7b236-aef2-471f-9a07-5251d8344f4a",
    "data": [
      {
        "text": "that was awful",
        "userDefined": false
      }
    ],
    "isTemplate": false,
    "count": 0,
    "updated": 1537595463
  },
  {
    "id": "891a4f41-c699-4b37-b13c-6e46398bedf0",
    "data": [
      {
        "text": "your",
        "meta": "@sys.ignore",
        "userDefined": false
      },
      {
        "text": " AI sucks",
        "userDefined": false
      }
    ],
    "isTemplate": false,
    "count": 0,
    "updated": 1540293727
  },
  {
    "id": "ca17e9b8-b744-4c97-aa45-e71736d1643c",
    "data": [
      {
        "text": "that\u0027s really bad",
        "userDefined": false
      }
    ],
    "isTemplate": false,
    "count": 0,
    "updated": 1537595463
  },
  {
    "id": "7f999486-afc0-4eb9-bf64-a281435a03d4",
    "data": [
      {
        "text": "that wasn\u0027t good",
        "userDefined": false
      }
    ],
    "isTemplate": false,
    "count": 0,
    "updated": 1537595463
  },
  {
    "id": "6a8eb374-daf4-4ea5-8c31-137d3027aa72",
    "data": [
      {
        "text": "that was lame",
        "userDefined": false
      }
    ],
    "isTemplate": false,
    "count": 0,
    "updated": 1537595463
  },
  {
    "id": "3d6db7be-de39-43fb-897b-03a18f30e811",
    "data": [
      {
        "text": "you\u0027re no good",
        "userDefined": false
      }
    ],
    "isTemplate": false,
    "count": 1,
    "updated": 1537595463
  },
  {
    "id": "9be71bed-e3cc-4f17-bb2f-ff2f478e3b8c",
    "data": [
      {
        "text": "this isn\u0027t very good",
        "userDefined": false
      }
    ],
    "isTemplate": false,
    "count": 0,
    "updated": 1537595463
  },
  {
    "id": "9963bd78-0ff7-48ec-ab8e-08acd90c4658",
    "data": [
      {
        "text": "this is too bad",
        "userDefined": false
      }
    ],
    "isTemplate": false,
    "count": 0,
    "updated": 1537595463
  },
  {
    "id": "15260f3f-4153-40ec-acf6-af0df420e640",
    "data": [
      {
        "text": "bad really bad",
        "userDefined": false
      }
    ],
    "isTemplate": false,
    "count": 0,
    "updated": 1537595463
  },
  {
    "id": "f30e449f-3800-49fa-84ef-c6d2ada7171f",
    "data": [
      {
        "text": "pretty bad",
        "userDefined": false
      }
    ],
    "isTemplate": false,
    "count": 0,
    "updated": 1537595463
  },
  {
    "id": "9c822540-f752-4488-85e2-30445e380714",
    "data": [
      {
        "text": "oh no...",
        "userDefined": false
      }
    ],
    "isTemplate": false,
    "count": 0,
    "updated": 1537595463
  },
  {
    "id": "6c3b0539-2705-4082-966f-8536634ad0df",
    "data": [
      {
        "text": "oh that\u0027s not good.",
        "userDefined": false
      }
    ],
    "isTemplate": false,
    "count": 1,
    "updated": 1537595463
  },
  {
    "id": "6129a7a5-67a0-480b-b1fc-8d693a73648d",
    "data": [
      {
        "text": "it\u0027s really bad",
        "userDefined": false
      }
    ],
    "isTemplate": false,
    "count": 0,
    "updated": 1537595463
  },
  {
    "id": "70916e95-0414-4191-bdd8-b1ca13b7fdc6",
    "data": [
      {
        "text": "total shit",
        "userDefined": false
      }
    ],
    "isTemplate": false,
    "count": 0,
    "updated": 1537595463
  },
  {
    "id": "a11a37d1-d784-4276-a644-cc9a9f365476",
    "data": [
      {
        "text": "totally lame",
        "userDefined": false
      }
    ],
    "isTemplate": false,
    "count": 0,
    "updated": 1537595463
  },
  {
    "id": "175362db-7fb0-4177-a4fe-1b2dc5710d2c",
    "data": [
      {
        "text": "really lame",
        "userDefined": false
      }
    ],
    "isTemplate": false,
    "count": 0,
    "updated": 1537595463
  },
  {
    "id": "894bd40d-5d90-48ba-80a4-126e4c4ae829",
    "data": [
      {
        "text": "sooo lame",
        "userDefined": false
      }
    ],
    "isTemplate": false,
    "count": 1,
    "updated": 1537595463
  },
  {
    "id": "9140e785-ee06-4d77-95d2-f254143e2430",
    "data": [
      {
        "text": "that\u0027s bad",
        "userDefined": false
      }
    ],
    "isTemplate": false,
    "count": 0,
    "updated": 1537595463
  },
  {
    "id": "236d235a-2756-49ce-a032-7f5e2896feb8",
    "data": [
      {
        "text": "that is bad",
        "userDefined": false
      }
    ],
    "isTemplate": false,
    "count": 0,
    "updated": 1537595463
  },
  {
    "id": "fb2f80f3-c15c-48ab-b2a1-52b1565bd918",
    "data": [
      {
        "text": "soooo bad",
        "userDefined": false
      }
    ],
    "isTemplate": false,
    "count": 0,
    "updated": 1537595463
  },
  {
    "id": "4e5d6b4b-3947-45e0-8200-d96db1803f3c",
    "data": [
      {
        "text": "that\u0027s too bad",
        "userDefined": false
      }
    ],
    "isTemplate": false,
    "count": 1,
    "updated": 1537595463
  },
  {
    "id": "5d1566cc-2097-4009-8c90-a5d2eb80e058",
    "data": [
      {
        "text": "that was terrible",
        "userDefined": false
      }
    ],
    "isTemplate": false,
    "count": 0,
    "updated": 1537595463
  },
  {
    "id": "653135af-4c51-4bbc-b351-59859322cb8d",
    "data": [
      {
        "text": "This is really bad",
        "userDefined": false
      }
    ],
    "isTemplate": false,
    "count": 0,
    "updated": 1537595463
  },
  {
    "id": "62e8cf7b-8722-4b57-9994-ca54cf66de05",
    "data": [
      {
        "text": "this is awful",
        "userDefined": false
      }
    ],
    "isTemplate": false,
    "count": 1,
    "updated": 1537595463
  },
  {
    "id": "13d59605-6c0f-4f5d-bab0-f5dca91d36c2",
    "data": [
      {
        "text": "just horrible",
        "userDefined": false
      }
    ],
    "isTemplate": false,
    "count": 0,
    "updated": 1537595463
  },
  {
    "id": "b3d835c3-e47e-4317-88fa-2cba751e4e89",
    "data": [
      {
        "text": "this is horrible",
        "userDefined": false
      }
    ],
    "isTemplate": false,
    "count": 1,
    "updated": 1537595463
  },
  {
    "id": "d77adb10-d69b-4c57-8132-54093dc94bdf",
    "data": [
      {
        "text": "I wish ",
        "userDefined": false
      },
      {
        "text": "you",
        "meta": "@sys.ignore",
        "userDefined": false
      },
      {
        "text": " were smarter",
        "userDefined": false
      }
    ],
    "isTemplate": false,
    "count": 0,
    "updated": 1540293727
  },
  {
    "id": "40c48399-b945-41cb-a100-5b3e14596aa0",
    "data": [
      {
        "text": "be more clever",
        "userDefined": false
      }
    ],
    "isTemplate": false,
    "count": 0,
    "updated": 1537595463
  },
  {
    "id": "6e2e6883-9a04-49bd-88ae-0bfe2c3bdd6b",
    "data": [
      {
        "text": "get smart",
        "userDefined": false
      }
    ],
    "isTemplate": false,
    "count": 0,
    "updated": 1537595463
  },
  {
    "id": "7ac9ec2f-174a-4d48-a944-163ade978dc0",
    "data": [
      {
        "text": "you",
        "meta": "@sys.ignore",
        "userDefined": false
      },
      {
        "text": " need to learn more",
        "userDefined": false
      }
    ],
    "isTemplate": false,
    "count": 0,
    "updated": 1540293727
  },
  {
    "id": "0b3711f1-4d65-4a8d-8a72-7e1c3dcb36cb",
    "data": [
      {
        "text": "be smarter",
        "userDefined": false
      }
    ],
    "isTemplate": false,
    "count": 0,
    "updated": 1537595463
  },
  {
    "id": "2e6379ba-0f17-43ef-9a0b-79cbd4550fe5",
    "data": [
      {
        "text": "it\u0027s not right",
        "userDefined": false
      }
    ],
    "isTemplate": false,
    "count": 0,
    "updated": 1537595463
  },
  {
    "id": "75a2f029-cb65-4c83-b775-c5a453375f86",
    "data": [
      {
        "text": "that\u0027s wrong",
        "userDefined": false
      }
    ],
    "isTemplate": false,
    "count": 0,
    "updated": 1537595463
  },
  {
    "id": "450efc12-201c-451e-8821-a8753bf248f0",
    "data": [
      {
        "text": "it\u0027s wrong",
        "userDefined": false
      }
    ],
    "isTemplate": false,
    "count": 0,
    "updated": 1537595463
  },
  {
    "id": "ab84f074-c420-4eb7-9724-40d54af18bf9",
    "data": [
      {
        "text": "that was wrong",
        "userDefined": false
      }
    ],
    "isTemplate": false,
    "count": 0,
    "updated": 1537595463
  },
  {
    "id": "980afbf3-71a7-4dee-b5e4-64b7f2e78a7d",
    "data": [
      {
        "text": "you are wrong",
        "userDefined": false
      }
    ],
    "isTemplate": false,
    "count": 0,
    "updated": 1537595463
  },
  {
    "id": "50594c5c-609e-413e-a4ec-98519193e483",
    "data": [
      {
        "text": "incorrect",
        "userDefined": false
      }
    ],
    "isTemplate": false,
    "count": 0,
    "updated": 1537595463
  },
  {
    "id": "f611cadf-ea25-4205-a9be-575f79264d00",
    "data": [
      {
        "text": "not correct",
        "userDefined": false
      }
    ],
    "isTemplate": false,
    "count": 0,
    "updated": 1537595463
  },
  {
    "id": "d616488a-0635-4708-b4f3-2a1e51e3710b",
    "data": [
      {
        "text": "that\u0027s not what I asked",
        "userDefined": false
      }
    ],
    "isTemplate": false,
    "count": 0,
    "updated": 1537595463
  },
  {
    "id": "d566db40-c935-41c3-a707-9f932184ab11",
    "data": [
      {
        "text": "that is incorrect",
        "userDefined": false
      }
    ],
    "isTemplate": false,
    "count": 0,
    "updated": 1537595463
  },
  {
    "id": "682069b9-ab60-44dd-9bb1-97c61ecbf2ae",
    "data": [
      {
        "text": "that\u0027s not right",
        "userDefined": false
      }
    ],
    "isTemplate": false,
    "count": 0,
    "updated": 1537595463
  },
  {
    "id": "31d1bfee-36b2-4c6e-9e3f-70dfb1d87186",
    "data": [
      {
        "text": "wrong",
        "userDefined": false
      }
    ],
    "isTemplate": false,
    "count": 0,
    "updated": 1537595463
  },
  {
    "id": "c191b1eb-3693-47a1-96b7-d2af1109c70b",
    "data": [
      {
        "text": "you\u0027re really boring",
        "userDefined": false
      }
    ],
    "isTemplate": false,
    "count": 0,
    "updated": 1537595463
  },
  {
    "id": "062ac7e3-c780-45c8-91ba-d33f08763a2f",
    "data": [
      {
        "text": "you are boring",
        "userDefined": false
      }
    ],
    "isTemplate": false,
    "count": 0,
    "updated": 1537595463
  },
  {
    "id": "6723f3c9-9127-484e-baf6-43baf7182f4d",
    "data": [
      {
        "text": "you\u0027re incredibly boring",
        "userDefined": false
      }
    ],
    "isTemplate": false,
    "count": 0,
    "updated": 1537595463
  },
  {
    "id": "042c4709-3a0b-4559-9cd2-d15962618026",
    "data": [
      {
        "text": "you are bothering me",
        "userDefined": false
      }
    ],
    "isTemplate": false,
    "count": 0,
    "updated": 1537595463
  },
  {
    "id": "9010a637-6a01-487d-94a8-e49d4d6a176f",
    "data": [
      {
        "text": "you are boring me",
        "userDefined": false
      }
    ],
    "isTemplate": false,
    "count": 1,
    "updated": 1537595463
  },
  {
    "id": "f696fdd7-f544-4570-a6c0-b176c66e9bb7",
    "data": [
      {
        "text": "you\u0027re so boring",
        "userDefined": false
      }
    ],
    "isTemplate": false,
    "count": 0,
    "updated": 1537595463
  },
  {
    "id": "3c939912-7a8e-46a2-9b29-854868badfd2",
    "data": [
      {
        "text": "how annoying you are",
        "userDefined": false
      }
    ],
    "isTemplate": false,
    "count": 0,
    "updated": 1537595463
  },
  {
    "id": "7a4bec1f-cddd-4fd7-9cd0-bb5aaf023f9b",
    "data": [
      {
        "text": "you\u0027re so annoying",
        "userDefined": false
      }
    ],
    "isTemplate": false,
    "count": 0,
    "updated": 1537595463
  },
  {
    "id": "93ed38d7-64e7-4870-a4d3-34dbd022dad4",
    "data": [
      {
        "text": "you are irritaing",
        "userDefined": false
      }
    ],
    "isTemplate": false,
    "count": 0,
    "updated": 1537595463
  },
  {
    "id": "4c20c282-8c00-48f3-b343-b4b066b1f49e",
    "data": [
      {
        "text": "you are such annoying",
        "userDefined": false
      }
    ],
    "isTemplate": false,
    "count": 0,
    "updated": 1537595463
  },
  {
    "id": "6bce5797-a452-41c9-a52f-373c15a08d19",
    "data": [
      {
        "text": "you\u0027re too annoying",
        "userDefined": false
      }
    ],
    "isTemplate": false,
    "count": 0,
    "updated": 1537595463
  },
  {
    "id": "178b15ae-ab3f-4581-90a5-1b0cd80f9edf",
    "data": [
      {
        "text": "I find ",
        "userDefined": false
      },
      {
        "text": "you",
        "meta": "@sys.ignore",
        "userDefined": false
      },
      {
        "text": " annoying",
        "userDefined": false
      }
    ],
    "isTemplate": false,
    "count": 0,
    "updated": 1540293727
  },
  {
    "id": "7aa78d2c-ab11-4fc7-a70d-24149e41a496",
    "data": [
      {
        "text": "you are annoying",
        "userDefined": false
      }
    ],
    "isTemplate": false,
    "count": 0,
    "updated": 1537595463
  },
  {
    "id": "0929574f-191f-41c7-8870-37368fa2bd54",
    "data": [
      {
        "text": "you are annoying me",
        "userDefined": false
      }
    ],
    "isTemplate": false,
    "count": 0,
    "updated": 1537595463
  },
  {
    "id": "cab20b4a-c39d-4de0-a57d-97fe5b6d5a6a",
    "data": [
      {
        "text": "you",
        "meta": "@sys.ignore",
        "userDefined": false
      },
      {
        "text": " annoy me",
        "userDefined": false
      }
    ],
    "isTemplate": false,
    "count": 0,
    "updated": 1540293727
  },
  {
    "id": "7fe5d0fc-4a58-434a-b58f-170676b2e5b8",
    "data": [
      {
        "text": "you are annoying me so much",
        "userDefined": false
      }
    ],
    "isTemplate": false,
    "count": 0,
    "updated": 1537595463
  },
  {
    "id": "c1d601fb-26e4-462c-b089-3bb094ec4586",
    "data": [
      {
        "text": "wow this is annoying",
        "userDefined": false
      }
    ],
    "isTemplate": false,
    "count": 0,
    "updated": 1537595463
  },
  {
    "id": "cf5f188c-47ec-4f81-a312-5e1d02c05193",
    "data": [
      {
        "text": "this is so annoying",
        "userDefined": false
      }
    ],
    "isTemplate": false,
    "count": 0,
    "updated": 1537595463
  },
  {
    "id": "fd19d911-f535-4978-bbb3-b0a94e3e8723",
    "data": [
      {
        "text": "this is annoying",
        "userDefined": false
      }
    ],
    "isTemplate": false,
    "count": 0,
    "updated": 1537595463
  },
  {
    "id": "8578527c-79c1-422a-8eab-fe1248026908",
    "data": [
      {
        "text": "you\u0027re annoying",
        "userDefined": false
      }
    ],
    "isTemplate": false,
    "count": 0,
    "updated": 1537595463
  },
  {
    "id": "0013148c-f864-4ac6-ac50-0ef311a8add5",
    "data": [
      {
        "text": "you\u0027re incredibly annoying",
        "userDefined": false
      }
    ],
    "isTemplate": false,
    "count": 0,
    "updated": 1537595463
  },
  {
    "id": "5f55bdef-e71c-4898-b0d0-227f4b88d923",
    "data": [
      {
        "text": "you are very annoying",
        "userDefined": false
      }
    ],
    "isTemplate": false,
    "count": 0,
    "updated": 1537595463
  },
  {
    "id": "8017feb5-5b20-400e-9aa8-f542ae850224",
    "data": [
      {
        "text": "huh?",
        "userDefined": false
      }
    ],
    "isTemplate": false,
    "count": 0,
    "updated": 1537595463
  },
  {
    "id": "14dcd43d-cfc5-46ce-a32a-5e155325a460",
    "data": [
      {
        "text": "will ",
        "userDefined": false
      },
      {
        "text": "you",
        "meta": "@sys.ignore",
        "userDefined": false
      },
      {
        "text": " fix this",
        "userDefined": false
      }
    ],
    "isTemplate": false,
    "count": 0,
    "updated": 1537518327
  },
  {
    "id": "f490225d-23d5-4c74-a1ae-8a3c3dfd39bf",
    "data": [
      {
        "text": "can you fix this",
        "userDefined": false
      }
    ],
    "isTemplate": false,
    "count": 0,
    "updated": 1537518327
  },
  {
    "id": "388ca879-38c3-417d-bcde-d77bf66d24fd",
    "data": [
      {
        "text": "please fix this",
        "userDefined": false
      }
    ],
    "isTemplate": false,
    "count": 0,
    "updated": 1537518327
  },
  {
    "id": "5b93662b-165c-4477-802f-4a9ee96393b0",
    "data": [
      {
        "text": "you",
        "meta": "@sys.ignore",
        "userDefined": false
      },
      {
        "text": " need to fix this",
        "userDefined": false
      }
    ],
    "isTemplate": false,
    "count": 0,
    "updated": 1537518327
  },
  {
    "id": "050b2230-a933-49bd-947d-d75f28b20da4",
    "data": [
      {
        "text": "fix this now",
        "userDefined": false
      }
    ],
    "isTemplate": false,
    "count": 0,
    "updated": 1537518327
  },
  {
    "id": "398b3cad-af2b-4c1e-a593-c68d2582c8ae",
    "data": [
      {
        "text": "it isn\u0027t working",
        "userDefined": false
      }
    ],
    "isTemplate": false,
    "count": 0,
    "updated": 1537518327
  },
  {
    "id": "8acfad4c-47b0-405d-a928-3fa001075bc4",
    "data": [
      {
        "text": "does not work",
        "userDefined": false
      }
    ],
    "isTemplate": false,
    "count": 0,
    "updated": 1537518327
  },
  {
    "id": "8e0ebd1e-3634-4084-9604-cd04a1996318",
    "data": [
      {
        "text": "didnt work",
        "userDefined": false
      }
    ],
    "isTemplate": false,
    "count": 0,
    "updated": 1537518327
  },
  {
    "id": "44d54df8-4d7d-4ab7-b409-4576da3a0f70",
    "data": [
      {
        "text": "you are stupid",
        "userDefined": false
      }
    ],
    "isTemplate": false,
    "count": 0,
    "updated": 1537449808
  },
  {
    "id": "36740188-e87e-4aaa-a369-507278a90abc",
    "data": [
      {
        "text": "you\u0027re stupid",
        "userDefined": false
      }
    ],
    "isTemplate": false,
    "count": 0,
    "updated": 1537449808
  },
  {
    "id": "e7e5b6c8-7354-4663-a20f-95f567acd582",
    "data": [
      {
        "text": "this is stupid",
        "userDefined": false
      }
    ],
    "isTemplate": false,
    "count": 0,
    "updated": 1537449808
  },
  {
    "id": "b9923a56-5d49-4837-9f8f-597f00a759ca",
    "data": [
      {
        "text": "stupid",
        "userDefined": false
      }
    ],
    "isTemplate": false,
    "count": 0,
    "updated": 1537449808
  },
  {
    "id": "f0efffdb-5a4d-4f5a-89ac-faa48cf1005a",
    "data": [
      {
        "text": "you\u0027re a dumb ",
        "userDefined": false
      },
      {
        "text": "bot",
        "meta": "@sys.ignore",
        "userDefined": false
      }
    ],
    "isTemplate": false,
    "count": 0,
    "updated": 1537449808
  },
  {
    "id": "732d71e7-6765-4cde-8b27-aae954a05809",
    "data": [
      {
        "text": "this is dumb",
        "userDefined": false
      }
    ],
    "isTemplate": false,
    "count": 0,
    "updated": 1537449808
  },
  {
    "id": "a1da38ff-a681-4a8f-86d6-96d4c8048fe6",
    "data": [
      {
        "text": "this is pathetic",
        "userDefined": false
      }
    ],
    "isTemplate": false,
    "count": 0,
    "updated": 1537449808
  },
  {
    "id": "917046c3-7d65-4635-911b-13f60f7a0cb6",
    "data": [
      {
        "text": "you\u0027re so crazy",
        "userDefined": false
      }
    ],
    "isTemplate": false,
    "count": 0,
    "updated": 1537449808
  },
  {
    "id": "42f968f8-66b3-464b-8e99-abfc592f296a",
    "data": [
      {
        "text": "you\u0027re out of ",
        "userDefined": false
      },
      {
        "text": "your",
        "meta": "@sys.ignore",
        "userDefined": false
      },
      {
        "text": " mind",
        "userDefined": false
      }
    ],
    "isTemplate": false,
    "count": 0,
    "updated": 1537449808
  },
  {
    "id": "f175339f-db95-483b-95cf-d851e52fd8bc",
    "data": [
      {
        "text": "are ",
        "userDefined": false
      },
      {
        "text": "you",
        "meta": "@sys.ignore",
        "userDefined": false
      },
      {
        "text": " mad",
        "userDefined": false
      }
    ],
    "isTemplate": false,
    "count": 0,
    "updated": 1537449808
  },
  {
    "id": "92b8813d-e89a-4df6-bff6-817a66e7df9a",
    "data": [
      {
        "text": "are ",
        "userDefined": false
      },
      {
        "text": "you",
        "meta": "@sys.ignore",
        "userDefined": false
      },
      {
        "text": " nuts?",
        "userDefined": false
      }
    ],
    "isTemplate": false,
    "count": 0,
    "updated": 1537449808
  },
  {
    "id": "2957ca54-7859-42c6-a6c6-476a3eed77b0",
    "data": [
      {
        "text": "I think you\u0027re crazy",
        "userDefined": false
      }
    ],
    "isTemplate": false,
    "count": 0,
    "updated": 1537449808
  },
  {
    "id": "4e93d520-7470-4d77-99f5-93eec926677f",
    "data": [
      {
        "text": "you\u0027re nuts",
        "userDefined": false
      }
    ],
    "isTemplate": false,
    "count": 0,
    "updated": 1537449808
  },
  {
    "id": "03a680bd-a70a-42a2-a2f0-ca7e5f7a4caf",
    "data": [
      {
        "text": "you\u0027re mad",
        "userDefined": false
      }
    ],
    "isTemplate": false,
    "count": 0,
    "updated": 1537449808
  },
  {
    "id": "811129d8-456e-47b5-9f86-85d5a97bfd5f",
    "data": [
      {
        "text": "you",
        "meta": "@sys.ignore",
        "userDefined": false
      },
      {
        "text": " went crazy",
        "userDefined": false
      }
    ],
    "isTemplate": false,
    "count": 0,
    "updated": 1537449808
  },
  {
    "id": "149d2a2e-7d69-496e-aef3-853868c4cec9",
    "data": [
      {
        "text": "you are insane",
        "userDefined": false
      }
    ],
    "isTemplate": false,
    "count": 0,
    "updated": 1537449808
  },
  {
    "id": "5c1ca7c1-183f-4313-b916-6c710772c4fc",
    "data": [
      {
        "text": "you are crazy",
        "userDefined": false
      }
    ],
    "isTemplate": false,
    "count": 0,
    "updated": 1537449808
  },
  {
    "id": "5c4ba5a7-3dcb-4d3f-8136-7cb5c1417ca4",
    "data": [
      {
        "text": "you are a weirdo",
        "userDefined": false
      }
    ],
    "isTemplate": false,
    "count": 0,
    "updated": 1537449808
  },
  {
    "id": "000b6aae-7f95-4426-a63b-72a1d6b1a848",
    "data": [
      {
        "text": "this is crazy",
        "userDefined": false
      }
    ],
    "isTemplate": false,
    "count": 0,
    "updated": 1537449808
  },
  {
    "id": "0d54fbd3-96c1-49c1-a536-08a387a221fc",
    "data": [
      {
        "text": "I am mad at ",
        "userDefined": false
      },
      {
        "text": "you",
        "meta": "@sys.ignore",
        "userDefined": false
      }
    ],
    "isTemplate": false,
    "count": 0,
    "updated": 1540293727
  },
  {
    "id": "d0905d2a-1273-4b52-967b-46b24af628cd",
    "data": [
      {
        "text": "I am angry with ",
        "userDefined": false
      },
      {
        "text": "you",
        "meta": "@sys.ignore",
        "userDefined": false
      }
    ],
    "isTemplate": false,
    "count": 0,
    "updated": 1540293727
  },
  {
    "id": "e033e900-2d20-433e-9799-ab14fff54a8f",
    "data": [
      {
        "text": "I\u0027m angry",
        "userDefined": false
      }
    ],
    "isTemplate": false,
    "count": 0,
    "updated": 1537429018
  },
  {
    "id": "189ff95e-e005-44dd-8cd9-3df205e3e444",
    "data": [
      {
        "text": "I\u0027m pissed off",
        "userDefined": false
      }
    ],
    "isTemplate": false,
    "count": 0,
    "updated": 1537429018
  },
  {
    "id": "81f9f324-42a8-4208-85a3-ae245456e95b",
    "data": [
      {
        "text": "I\u0027m enraged",
        "userDefined": false
      }
    ],
    "isTemplate": false,
    "count": 0,
    "updated": 1537429018
  },
  {
    "id": "772d3a4e-8ad2-4c4a-b2c0-c0c9235644a5",
    "data": [
      {
        "text": "I\u0027m furious",
        "userDefined": false
      }
    ],
    "isTemplate": false,
    "count": 0,
    "updated": 1537429018
  },
  {
    "id": "40516cd0-6bf6-47b2-a563-51dc72c4ee37",
    "data": [
      {
        "text": "I am mad",
        "userDefined": false
      }
    ],
    "isTemplate": false,
    "count": 0,
    "updated": 1537429018
  },
  {
    "id": "baa80ea1-a91a-4272-aef2-905b12688b1f",
    "data": [
      {
        "text": "very strange",
        "userDefined": false
      }
    ],
    "isTemplate": false,
    "count": 1,
    "updated": 1537426077
  },
  {
    "id": "9e37c3fe-b23b-45e8-857a-41777e377c52",
    "data": [
      {
        "text": "that is strange",
        "userDefined": false
      }
    ],
    "isTemplate": false,
    "count": 0,
    "updated": 1537426077
  },
  {
    "id": "f49198b7-525b-4c1e-80e3-4a15de509314",
    "data": [
      {
        "text": "that\u0027s strange",
        "userDefined": false
      }
    ],
    "isTemplate": false,
    "count": 0,
    "updated": 1537426077
  },
  {
    "id": "8ea08891-6a61-4352-bd1f-c57d23d1d563",
    "data": [
      {
        "text": "this is strange",
        "userDefined": false
      }
    ],
    "isTemplate": false,
    "count": 0,
    "updated": 1537426077
  },
  {
    "id": "9c154a6c-157b-4c2a-8595-305b0d436a09",
    "data": [
      {
        "text": "very weird",
        "userDefined": false
      }
    ],
    "isTemplate": false,
    "count": 0,
    "updated": 1537426077
  },
  {
    "id": "a75cbb27-7ab5-4a12-84c7-9d186b8142a0",
    "data": [
      {
        "text": "that\u0027s weird",
        "userDefined": false
      }
    ],
    "isTemplate": false,
    "count": 0,
    "updated": 1537426077
  },
  {
    "id": "3cb45db8-d927-4faf-a0d5-ea9b980d892f",
    "data": [
      {
        "text": "you\u0027re weird",
        "userDefined": false
      }
    ],
    "isTemplate": false,
    "count": 0,
    "updated": 1537426077
  },
  {
    "id": "b8ce3d26-e11c-4a41-83c5-adbc28b0fcca",
    "data": [
      {
        "text": "you suck",
        "userDefined": false
      }
    ],
    "isTemplate": false,
    "count": 0,
    "updated": 1527529421
  },
  {
    "id": "ad3143d5-c435-47d0-8d31-881f1fb47566",
    "data": [
      {
        "text": "you are a waste",
        "userDefined": false
      }
    ],
    "isTemplate": false,
    "count": 0,
    "updated": 1537222519
  },
  {
    "id": "6d1d9a84-5a02-40e6-86d4-e0406fd877c9",
    "data": [
      {
        "text": "you\u0027re not helping me",
        "userDefined": false
      }
    ],
    "isTemplate": false,
    "count": 0,
    "updated": 1537222519
  },
  {
    "id": "076da1c2-3166-4e6f-a2f6-868fe731994d",
    "data": [
      {
        "text": "you are lame",
        "userDefined": false
      }
    ],
    "isTemplate": false,
    "count": 0,
    "updated": 1537222519
  },
  {
    "id": "53d7ebbd-3fd9-482d-99d7-00091fabae5d",
    "data": [
      {
        "text": "worst bot ever",
        "userDefined": false
      }
    ],
    "isTemplate": false,
    "count": 0,
    "updated": 1537222519
  },
  {
    "id": "e4f59fea-47d7-4762-befb-a410c652b7da",
    "data": [
      {
        "text": "you\u0027re the worst",
        "userDefined": false
      }
    ],
    "isTemplate": false,
    "count": 0,
    "updated": 1537222519
  },
  {
    "id": "907a8c1c-c20d-4e02-a921-5c5c49b4e722",
    "data": [
      {
        "text": "you are not good",
        "userDefined": false
      }
    ],
    "isTemplate": false,
    "count": 0,
    "updated": 1537222519
  },
  {
    "id": "901af062-37b0-43e0-8ca5-92c095868170",
    "data": [
      {
        "text": "you\u0027re worthless",
        "userDefined": false
      }
    ],
    "isTemplate": false,
    "count": 0,
    "updated": 1537222519
  },
  {
    "id": "4314fd5e-2b5b-4bdc-b837-0d22f9febcd6",
    "data": [
      {
        "text": "you\u0027re bad",
        "userDefined": false
      }
    ],
    "isTemplate": false,
    "count": 0,
    "updated": 1537222519
  },
  {
    "id": "ba3e360e-4dbf-4df8-bc42-a97f5218b72d",
    "data": [
      {
        "text": "you\u0027re terrible",
        "userDefined": false
      }
    ],
    "isTemplate": false,
    "count": 0,
    "updated": 1537222519
  },
  {
    "id": "fcb66aac-53d4-4ad0-83cc-25a9be9cdec0",
    "data": [
      {
        "text": "you are no good",
        "userDefined": false
      }
    ],
    "isTemplate": false,
    "count": 0,
    "updated": 1537222519
  },
  {
    "id": "bb7c513d-739f-4541-aec6-0bd264578b52",
    "data": [
      {
        "text": "you\u0027re not good",
        "userDefined": false
      }
    ],
    "isTemplate": false,
    "count": 0,
    "updated": 1537222519
  },
  {
    "id": "e1834b1e-9b09-4f81-981a-fd01287c7410",
    "data": [
      {
        "text": "you\u0027re really bad",
        "userDefined": false
      }
    ],
    "isTemplate": false,
    "count": 0,
    "updated": 1537222519
  },
  {
    "id": "20efe525-3833-4ba6-8267-e25135eadd86",
    "data": [
      {
        "text": "you are not cool",
        "userDefined": false
      }
    ],
    "isTemplate": false,
    "count": 0,
    "updated": 1537222519
  },
  {
    "id": "0df41818-c667-4887-a4ea-6584abb3b3cd",
    "data": [
      {
        "text": "you\u0027re not very good",
        "userDefined": false
      }
    ],
    "isTemplate": false,
    "count": 0,
    "updated": 1537222519
  },
  {
    "id": "d8b18bdd-c43e-414b-a273-5d354216f133",
    "data": [
      {
        "text": "you are terrible",
        "userDefined": false
      }
    ],
    "isTemplate": false,
    "count": 0,
    "updated": 1537222519
  },
  {
    "id": "e179a7cc-6ca7-46f7-b8a8-80412c93d2cf",
    "data": [
      {
        "text": "you\u0027re very bad",
        "userDefined": false
      }
    ],
    "isTemplate": false,
    "count": 0,
    "updated": 1537222519
  },
  {
    "id": "ca898e25-80cf-4430-9eaa-1aca78c2ae19",
    "data": [
      {
        "text": "you are so useless",
        "userDefined": false
      }
    ],
    "isTemplate": false,
    "count": 0,
    "updated": 1537222519
  },
  {
    "id": "d77cf63c-e399-415f-a479-b69c4e5511a0",
    "data": [
      {
        "text": "you are useless",
        "userDefined": false
      }
    ],
    "isTemplate": false,
    "count": 0,
    "updated": 1537222519
  },
  {
    "id": "1d1c36b0-4bf5-4eff-ad02-86499b516a08",
    "data": [
      {
        "text": "you are bad",
        "userDefined": false
      }
    ],
    "isTemplate": false,
    "count": 0,
    "updated": 1537222519
  },
  {
    "id": "ec17262e-00e7-4950-9165-cffd7fa2d1bd",
    "data": [
      {
        "text": "you are horrible",
        "userDefined": false
      }
    ],
    "isTemplate": false,
    "count": 1,
    "updated": 1537222519
  },
  {
    "id": "4d7d82c0-74c8-4915-ab96-fdae6a1e1460",
    "data": [
      {
        "text": "you are a waste of time",
        "userDefined": false
      }
    ],
    "isTemplate": false,
    "count": 0,
    "updated": 1537222519
  },
  {
    "id": "e2e80190-03d5-411b-ae61-3a9f979c723c",
    "data": [
      {
        "text": "you\u0027re awful",
        "userDefined": false
      }
    ],
    "isTemplate": false,
    "count": 0,
    "updated": 1537222519
  },
  {
    "id": "c11a5093-df2b-451f-95b6-4ca6e0e6413d",
    "data": [
      {
        "text": "you are very bad",
        "userDefined": false
      }
    ],
    "isTemplate": false,
    "count": 1,
    "updated": 1537222519
  },
  {
    "id": "d25c3cbd-64c0-48e4-9134-b80976320141",
    "data": [
      {
        "text": "you are totally useless",
        "userDefined": false
      }
    ],
    "isTemplate": false,
    "count": 1,
    "updated": 1537222519
  },
  {
    "id": "7d9e6d83-4809-4693-baf4-a86c33007554",
    "data": [
      {
        "text": "OMG!",
        "userDefined": false
      }
    ],
    "isTemplate": false,
    "count": 0,
    "updated": 1537222519
  },
  {
    "id": "80371b91-bfaa-4464-bcd0-3b9fd722c6e7",
    "data": [
      {
        "text": "wow this is bad",
        "userDefined": false
      }
    ],
    "isTemplate": false,
    "count": 0,
    "updated": 1527529421
  },
  {
    "id": "25e69abe-573a-43d8-b08d-1b156056cbc4",
    "data": [
      {
        "text": "Fuck you Janis",
        "userDefined": false
      }
    ],
    "isTemplate": false,
    "count": 0,
    "updated": 1527529421
  },
  {
    "id": "9423f8bf-2780-4574-ba36-c94068bcbefd",
    "data": [
      {
        "text": "this is so bad",
        "userDefined": false
      }
    ],
    "isTemplate": false,
    "count": 0,
    "updated": 1527529421
  },
  {
    "id": "997475ed-20f9-4e52-ab63-b716e3aa953a",
    "data": [
      {
        "text": "there\u0027s an issue",
        "userDefined": false
      }
    ],
    "isTemplate": false,
    "count": 0,
    "updated": 1537421413
  },
  {
    "id": "67d08a13-6c80-4427-826e-92ceae124c97",
    "data": [
      {
        "text": "I have an issue",
        "userDefined": false
      }
    ],
    "isTemplate": false,
    "count": 0,
    "updated": 1537421413
  },
  {
    "id": "66f6f013-8c7e-4078-85cf-d4f8df489f1d",
    "data": [
      {
        "text": "I have a problem",
        "userDefined": false
      }
    ],
    "isTemplate": false,
    "count": 0,
    "updated": 1537421413
  },
  {
    "id": "6a870ece-08b0-4819-8bf3-2d50a0bd2fed",
    "data": [
      {
        "text": "there\u0027s a problem",
        "userDefined": false
      }
    ],
    "isTemplate": false,
    "count": 0,
    "updated": 1537421413
  },
  {
    "id": "922abf8d-ad06-4a1f-8cef-9f3b5b46a412",
    "data": [
      {
        "text": "there is a problem",
        "userDefined": false
      }
    ],
    "isTemplate": false,
    "count": 0,
    "updated": 1537421413
  },
  {
    "id": "86fc176b-c03b-4e38-a78e-9eae9b2fccff",
    "data": [
      {
        "text": "it\u0027s a problem",
        "userDefined": false
      }
    ],
    "isTemplate": false,
    "count": 0,
    "updated": 1537421413
  },
  {
    "id": "08dc798a-e24b-4cf6-a447-91e6d7f8f93b",
    "data": [
      {
        "text": "fix my problem",
        "userDefined": false
      }
    ],
    "isTemplate": false,
    "count": 0,
    "updated": 1537421413
  },
  {
    "id": "8b80b802-cebe-4963-86c7-380c3479038b",
    "data": [
      {
        "text": "can you fix it?",
        "userDefined": false
      }
    ],
    "isTemplate": false,
    "count": 0,
    "updated": 1537421413
  },
  {
    "id": "643e29c5-1e5d-4286-83f6-9bc0dc049c08",
    "data": [
      {
        "text": "there is a bug",
        "userDefined": false
      }
    ],
    "isTemplate": false,
    "count": 0,
    "updated": 1537421413
  },
  {
    "id": "08c3ce6d-54df-4396-938c-8bb30b89d9ed",
    "data": [
      {
        "text": "I found a bug",
        "userDefined": false
      }
    ],
    "isTemplate": false,
    "count": 0,
    "updated": 1537421413
  },
  {
    "id": "64fd59d0-f513-47f2-9758-00ce4f2e0862",
    "data": [
      {
        "text": "fix the bugs",
        "userDefined": false
      }
    ],
    "isTemplate": false,
    "count": 0,
    "updated": 1537421413
  },
  {
    "id": "0df28829-08b9-49b1-a38c-f68ae623dfd2",
    "data": [
      {
        "text": "fix the bug please",
        "userDefined": false
      }
    ],
    "isTemplate": false,
    "count": 0,
    "updated": 1537421413
  },
  {
    "id": "e9da6ed5-a17d-41a0-921e-4ab938b6ec70",
    "data": [
      {
        "text": "this is an utter failure",
        "userDefined": false
      }
    ],
    "isTemplate": false,
    "count": 0,
    "updated": 1527529421
  },
  {
    "id": "3cebb887-b157-4426-a49a-654c08941265",
    "data": [
      {
        "text": "wtf",
        "userDefined": false
      }
    ],
    "isTemplate": false,
    "count": 0,
    "updated": 1527529421
  },
  {
    "id": "28251767-db2e-4e89-94d3-6f28aa0e9cec",
    "data": [
      {
        "text": "shit",
        "userDefined": false
      }
    ],
    "isTemplate": false,
    "count": 0,
    "updated": 1527529421
  },
  {
    "id": "05dc39be-70fb-4d1b-9ae3-684f0040ed06",
    "data": [
      {
        "text": "this sucks",
        "userDefined": false
      }
    ],
    "isTemplate": false,
    "count": 0,
    "updated": 1527529421
  },
  {
    "id": "b45079a2-cee9-438a-8b5b-41560506197b",
    "data": [
      {
        "text": "I\u0027m sleepless",
        "userDefined": false
      }
    ],
    "isTemplate": false,
    "count": 0,
    "updated": 1537430293
  },
  {
    "id": "06baf690-d3af-45de-b1e4-5607f1bb69f8",
    "data": [
      {
        "text": "I can\u0027t get sleep",
        "userDefined": false
      }
    ],
    "isTemplate": false,
    "count": 0,
    "updated": 1537430293
  },
  {
    "id": "ec314a05-2ec3-4a68-abe5-072d176ae06d",
    "data": [
      {
        "text": "I can\u0027t fall asleep",
        "userDefined": false
      }
    ],
    "isTemplate": false,
    "count": 0,
    "updated": 1537430293
  },
  {
    "id": "4a19d649-08f3-4bad-9b2e-744099df1de7",
    "data": [
      {
        "text": "I can\u0027t get to sleep",
        "userDefined": false
      }
    ],
    "isTemplate": false,
    "count": 0,
    "updated": 1537430293
  },
  {
    "id": "1d9a03dc-d95b-4f1b-8dd1-55b859e93972",
    "data": [
      {
        "text": "I can\u0027t sleep",
        "userDefined": false
      }
    ],
    "isTemplate": false,
    "count": 0,
    "updated": 1537430293
  },
  {
    "id": "f9ffd584-2dc5-4e32-8f53-347c438949c6",
    "data": [
      {
        "text": "this is so boring",
        "userDefined": false
      }
    ],
    "isTemplate": false,
    "count": 0,
    "updated": 1537430293
  },
  {
    "id": "783d75c8-47f5-430d-87c7-33a61762cd75",
    "data": [
      {
        "text": "very boring",
        "userDefined": false
      }
    ],
    "isTemplate": false,
    "count": 0,
    "updated": 1537430293
  },
  {
    "id": "f8c29ac9-e50a-4d8f-99f3-da30ade9fc5f",
    "data": [
      {
        "text": "this is boring",
        "userDefined": false
      }
    ],
    "isTemplate": false,
    "count": 0,
    "updated": 1537430293
  },
  {
    "id": "9d0a651b-011f-4bb4-a9ee-e8ba78a28fb0",
    "data": [
      {
        "text": "that was boring",
        "userDefined": false
      }
    ],
    "isTemplate": false,
    "count": 1,
    "updated": 1537430293
  },
  {
    "id": "1ffe6885-8c43-4880-abc3-8b37c6e06805",
    "data": [
      {
        "text": "I\u0027m bored",
        "userDefined": false
      }
    ],
    "isTemplate": false,
    "count": 0,
    "updated": 1537430293
  },
  {
    "id": "4a3e8fea-0a9b-499b-a666-ca8bfcad471f",
    "data": [
      {
        "text": "I missed ",
        "userDefined": false
      },
      {
        "text": "you",
        "meta": "@sys.ignore",
        "userDefined": false
      }
    ],
    "isTemplate": false,
    "count": 0,
    "updated": 1540293727
  },
  {
    "id": "e8fb4f1f-b90f-4ed6-a866-d1da86790e0a",
    "data": [
      {
        "text": "missing ",
        "userDefined": false
      },
      {
        "text": "you",
        "meta": "@sys.ignore",
        "userDefined": false
      }
    ],
    "isTemplate": false,
    "count": 0,
    "updated": 1540293727
  },
  {
    "id": "78a8437b-620b-45c4-b5cc-bac3e3143824",
    "data": [
      {
        "text": "I\u0027ve missed ",
        "userDefined": false
      },
      {
        "text": "you",
        "meta": "@sys.ignore",
        "userDefined": false
      }
    ],
    "isTemplate": false,
    "count": 0,
    "updated": 1540293727
  },
  {
    "id": "6ff370f3-954d-4f22-82b5-6905754faa15",
    "data": [
      {
        "text": "miss ",
        "userDefined": false
      },
      {
        "text": "you",
        "meta": "@sys.ignore",
        "userDefined": false
      }
    ],
    "isTemplate": false,
    "count": 0,
    "updated": 1540293727
  },
  {
    "id": "e9af3fc2-bfc5-4da8-b84a-ea66ec0eccf5",
    "data": [
      {
        "text": "I miss ",
        "userDefined": false
      },
      {
        "text": "you",
        "meta": "@sys.ignore",
        "userDefined": false
      }
    ],
    "isTemplate": false,
    "count": 0,
    "updated": 1540293727
  },
  {
    "id": "d6f5d2bb-e569-4fed-8541-864e7ec2efcd",
    "data": [
      {
        "text": "I\u0027m really lonely",
        "userDefined": false
      }
    ],
    "isTemplate": false,
    "count": 0,
    "updated": 1537433109
  },
  {
    "id": "968bfb32-a557-449e-81de-4e6f57d0c5e0",
    "data": [
      {
        "text": "I am lonely",
        "userDefined": false
      }
    ],
    "isTemplate": false,
    "count": 0,
    "updated": 1537433109
  },
  {
    "id": "544635a3-198a-4c88-8dc4-32d577d6c21e",
    "data": [
      {
        "text": "I\u0027m lonely",
        "userDefined": false
      }
    ],
    "isTemplate": false,
    "count": 0,
    "updated": 1537433109
  },
  {
    "id": "94228606-1da6-4066-873d-7f85e60adb54",
    "data": [
      {
        "text": "I\u0027m unhappy",
        "userDefined": false
      }
    ],
    "isTemplate": false,
    "count": 0,
    "updated": 1537433109
  },
  {
    "id": "72d594ca-bb0d-48ea-8585-37d7712d3a74",
    "data": [
      {
        "text": "I\u0027m not happy",
        "userDefined": false
      }
    ],
    "isTemplate": false,
    "count": 0,
    "updated": 1537433109
  },
  {
    "id": "584ab84b-f836-46df-885f-6faa1c42c9ed",
    "data": [
      {
        "text": "I want to cry",
        "userDefined": false
      }
    ],
    "isTemplate": false,
    "count": 1,
    "updated": 1537433109
  },
  {
    "id": "94e953bf-e925-4205-8d39-45cd41565e93",
    "data": [
      {
        "text": "I am upset",
        "userDefined": false
      }
    ],
    "isTemplate": false,
    "count": 0,
    "updated": 1537433109
  },
  {
    "id": "6cf3aa4f-b851-41ca-9a66-b2a8ab2dea62",
    "data": [
      {
        "text": "I\u0027m upset",
        "userDefined": false
      }
    ],
    "isTemplate": false,
    "count": 0,
    "updated": 1537433109
  },
  {
    "id": "74b97aad-7520-4bb6-87d0-701f4d77a872",
    "data": [
      {
        "text": "I am feeling sad",
        "userDefined": false
      }
    ],
    "isTemplate": false,
    "count": 0,
    "updated": 1537433109
  },
  {
    "id": "104e592d-9a14-43ea-bc4a-c4a88071e1d5",
    "data": [
      {
        "text": "I\u0027m depressed",
        "userDefined": false
      }
    ],
    "isTemplate": false,
    "count": 0,
    "updated": 1537433109
  },
  {
    "id": "008b5543-0c7d-471c-928c-7643b182901b",
    "data": [
      {
        "text": "I am sad",
        "userDefined": false
      }
    ],
    "isTemplate": false,
    "count": 0,
    "updated": 1537433109
  },
  {
    "id": "17fe3330-29f6-4e6c-9c01-984bd6c80792",
    "data": [
      {
        "text": "😱",
        "alias": "sad-emoji",
        "meta": "@sad-emoji",
        "userDefined": true
      }
    ],
    "isTemplate": false,
    "count": 0,
    "updated": 1537433109
  },
  {
    "id": "138e5ccc-516e-454f-8ec8-c9871e815cc8",
    "data": [
      {
        "text": "I am getting bored",
        "userDefined": false
      }
    ],
    "isTemplate": false,
    "count": 0,
    "updated": 1537430293
  },
  {
    "id": "60cb46cd-5526-4b7c-92a0-09921bfaeeca",
    "data": [
      {
        "text": "bored",
        "userDefined": false
      }
    ],
    "isTemplate": false,
    "count": 0,
    "updated": 1537430293
  },
  {
    "id": "430326d2-3fd4-45f1-ad51-fd92feeda138",
    "data": [
      {
        "text": "boring",
        "userDefined": false
      }
    ],
    "isTemplate": false,
    "count": 0,
    "updated": 1537430293
  },
  {
    "id": "5b1be2d6-eb6a-4ecf-9735-dec70f9756e1",
    "data": [
      {
        "text": "fail",
        "userDefined": false
      }
    ],
    "isTemplate": false,
    "count": 0,
    "updated": 1527529421
  },
  {
    "id": "fd2cc33c-a9a6-437f-872c-747c549cc22d",
    "data": [
      {
        "text": "fuck",
        "userDefined": false
      }
    ],
    "isTemplate": false,
    "count": 0,
    "updated": 1527529421
  },
  {
    "id": "c84d57d3-2caf-4017-8210-f70dd4bda38a",
    "data": [
      {
        "text": "i hate this",
        "userDefined": false
      }
    ],
    "isTemplate": false,
    "count": 0,
    "updated": 1527529421
  },
  {
    "id": "940a7e6c-b9df-4e42-93bf-807618381985",
    "data": [
      {
        "text": "angry",
        "userDefined": false
      }
    ],
    "isTemplate": false,
    "count": 0,
    "updated": 1527529421
  },
  {
    "id": "1e11bff9-15cd-45f4-8249-ecfbc6cfaf42",
    "data": [
      {
        "text": "bitch",
        "userDefined": false
      }
    ],
    "isTemplate": false,
    "count": 0,
    "updated": 1527529421
  }
]