[
  {
    "id": "b7b4699a-e3f1-4c5b-8c00-27a4df278aaf",
    "data": [
      {
        "text": "1 min",
        "userDefined": false
      }
    ],
    "isTemplate": false,
    "count": 0,
    "updated": 1537305458
  },
  {
    "id": "cbc65dcf-51fe-417a-922e-3bee094a2440",
    "data": [
      {
        "text": "1 sec",
        "meta": "@sys.ignore",
        "userDefined": false
      }
    ],
    "isTemplate": false,
    "count": 0,
    "updated": 1537305458
  },
  {
    "id": "4c586f64-1d76-4d53-a884-05abed622134",
    "data": [
      {
        "text": "give me a minute",
        "userDefined": false
      }
    ],
    "isTemplate": false,
    "count": 1,
    "updated": 1537305458
  },
  {
    "id": "24b8612c-8db8-4de4-b896-749b549a7b1d",
    "data": [
      {
        "text": "give me a second",
        "userDefined": false
      }
    ],
    "isTemplate": false,
    "count": 0,
    "updated": 1537305458
  },
  {
    "id": "0f65ed52-361c-41fe-98e1-f318e098a909",
    "data": [
      {
        "text": "I need a minute",
        "userDefined": false
      }
    ],
    "isTemplate": false,
    "count": 0,
    "updated": 1537305458
  },
  {
    "id": "2c1321f3-fe7f-48f8-9714-ce2c577c9f41",
    "data": [
      {
        "text": "one minute please",
        "userDefined": false
      }
    ],
    "isTemplate": false,
    "count": 0,
    "updated": 1537305458
  },
  {
    "id": "1f56bac6-bf07-4a82-8fe2-ba7fef23cacd",
    "data": [
      {
        "text": "one sec please",
        "userDefined": false
      }
    ],
    "isTemplate": false,
    "count": 0,
    "updated": 1537305458
  },
  {
    "id": "75474ed8-0066-410b-b55e-a5da5588e1bd",
    "data": [
      {
        "text": "just a sec",
        "userDefined": false
      }
    ],
    "isTemplate": false,
    "count": 0,
    "updated": 1537305458
  },
  {
    "id": "129be249-092f-4e8b-9a00-84b0b282a19b",
    "data": [
      {
        "text": "hang on",
        "userDefined": false
      }
    ],
    "isTemplate": false,
    "count": 0,
    "updated": 1537305458
  },
  {
    "id": "f35cf4a1-1a77-4021-a1ef-73a29b39e7b1",
    "data": [
      {
        "text": "one moment please",
        "userDefined": false
      }
    ],
    "isTemplate": false,
    "count": 0,
    "updated": 1537305458
  },
  {
    "id": "fb486d27-09c4-46bc-b37d-28ebeaca8c49",
    "data": [
      {
        "text": "could you wait",
        "userDefined": false
      }
    ],
    "isTemplate": false,
    "count": 0,
    "updated": 1537305458
  },
  {
    "id": "d35c5871-09cb-4d0a-aa12-51b395bec1f8",
    "data": [
      {
        "text": "hold ",
        "userDefined": false
      },
      {
        "text": "on",
        "meta": "@sys.ignore",
        "userDefined": false
      }
    ],
    "isTemplate": false,
    "count": 0,
    "updated": 1537305458
  },
  {
    "id": "7f38b6f8-5bed-42cb-9728-b90f5c29407c",
    "data": [
      {
        "text": "wait a second",
        "userDefined": false
      }
    ],
    "isTemplate": false,
    "count": 0,
    "updated": 1537305458
  },
  {
    "id": "15ca13c3-11f4-4c0b-a9a0-6768e1d4ab3a",
    "data": [
      {
        "text": "wait please",
        "userDefined": false
      }
    ],
    "isTemplate": false,
    "count": 0,
    "updated": 1537305458
  },
  {
    "id": "80dd8269-8acb-418f-9a65-52388bfa53ff",
    "data": [
      {
        "text": "oh wait",
        "userDefined": false
      }
    ],
    "isTemplate": false,
    "count": 0,
    "updated": 1537305458
  },
  {
    "id": "e0c570b3-920c-4c43-bb17-28e425479485",
    "data": [
      {
        "text": "wait hold ",
        "userDefined": false
      },
      {
        "text": "on",
        "meta": "@sys.ignore",
        "userDefined": false
      }
    ],
    "isTemplate": false,
    "count": 0,
    "updated": 1537305458
  },
  {
    "id": "84264e40-fdfc-4784-97ac-be9fec224673",
    "data": [
      {
        "text": "don",
        "meta": "@sys.ignore",
        "userDefined": false
      },
      {
        "text": "\u0027t ",
        "userDefined": false
      },
      {
        "text": "rush",
        "meta": "@sys.ignore",
        "userDefined": false
      }
    ],
    "isTemplate": false,
    "count": 0,
    "updated": 1537305458
  },
  {
    "id": "5dd88666-91b4-4527-b7d4-5b5b6cd9b2ac",
    "data": [
      {
        "text": "wait",
        "userDefined": false
      }
    ],
    "isTemplate": false,
    "count": 0,
    "updated": 0
  }
]