[
  {
    "id": "956b3cec-bcef-438b-8443-b40838e2dc2f",
    "data": [
      {
        "text": "I made a mistake",
        "userDefined": false
      }
    ],
    "isTemplate": false,
    "count": 0,
    "updated": 1537386621
  },
  {
    "id": "d0613b14-e9a5-4d61-b621-87d59a3ecee4",
    "data": [
      {
        "text": "my mistake",
        "userDefined": false
      }
    ],
    "isTemplate": false,
    "count": 0,
    "updated": 1537386621
  },
  {
    "id": "c6b8a948-b994-4e09-b953-83c70f68ea0f",
    "data": [
      {
        "text": "my bad",
        "userDefined": false
      }
    ],
    "isTemplate": false,
    "count": 0,
    "updated": 1537386621
  },
  {
    "id": "81940a3f-0347-410e-b1cc-6122d8f8f601",
    "data": [
      {
        "text": "alright I\u0027m sorry",
        "userDefined": false
      }
    ],
    "isTemplate": false,
    "count": 1,
    "updated": 1537386621
  },
  {
    "id": "a059575e-5c94-4a04-8f45-1a7a9cad09bb",
    "data": [
      {
        "text": "my apologies",
        "userDefined": false
      }
    ],
    "isTemplate": false,
    "count": 0,
    "updated": 1537386621
  },
  {
    "id": "f5e10800-5a78-4c86-b6f9-d4ce30942eef",
    "data": [
      {
        "text": "really sorry",
        "userDefined": false
      }
    ],
    "isTemplate": false,
    "count": 0,
    "updated": 1537386621
  },
  {
    "id": "1e0e9104-bb9c-4f38-9a75-7336b79e0fbc",
    "data": [
      {
        "text": "pardon",
        "userDefined": false
      }
    ],
    "isTemplate": false,
    "count": 0,
    "updated": 1537386621
  },
  {
    "id": "2b520532-043b-451e-a1ca-57af864a63c2",
    "data": [
      {
        "text": "I am so sorry",
        "userDefined": false
      }
    ],
    "isTemplate": false,
    "count": 0,
    "updated": 1537386621
  },
  {
    "id": "2464412e-00ec-44ea-a308-df0be6e28c0a",
    "data": [
      {
        "text": "ok sorry",
        "userDefined": false
      }
    ],
    "isTemplate": false,
    "count": 0,
    "updated": 1537386621
  },
  {
    "id": "12f15b3a-a9ba-4363-9031-aa252b9e5f25",
    "data": [
      {
        "text": "excuse",
        "userDefined": false
      }
    ],
    "isTemplate": false,
    "count": 1,
    "updated": 1537386621
  },
  {
    "id": "f60bf83c-395e-4c90-9ef4-f7bdaf14b1d3",
    "data": [
      {
        "text": "apologies",
        "userDefined": false
      }
    ],
    "isTemplate": false,
    "count": 0,
    "updated": 1537386621
  },
  {
    "id": "9eb0922e-b37c-4112-9b6d-a003e0a874f4",
    "data": [
      {
        "text": "I beg ",
        "userDefined": false
      },
      {
        "text": "your",
        "meta": "@sys.ignore",
        "userDefined": false
      },
      {
        "text": " pardon",
        "userDefined": false
      }
    ],
    "isTemplate": false,
    "count": 0,
    "updated": 1537386621
  },
  {
    "id": "d1f04ae9-b2bd-4c71-ab14-c99f852b72a4",
    "data": [
      {
        "text": "sorry",
        "userDefined": false
      }
    ],
    "isTemplate": false,
    "count": 0,
    "updated": 1537386621
  },
  {
    "id": "3eaa9667-167e-441b-810c-ac027e757cd7",
    "data": [
      {
        "text": "excuse me",
        "userDefined": false
      }
    ],
    "isTemplate": false,
    "count": 1,
    "updated": 1537386621
  },
  {
    "id": "eebc7ff2-634c-46d1-a67e-dfe9a3496434",
    "data": [
      {
        "text": "sorry about this",
        "userDefined": false
      }
    ],
    "isTemplate": false,
    "count": 0,
    "updated": 1537386621
  },
  {
    "id": "e4e9f10d-6faf-4a2a-a235-d317d47fbed5",
    "data": [
      {
        "text": "sorry about that",
        "userDefined": false
      }
    ],
    "isTemplate": false,
    "count": 0,
    "updated": 1537386621
  },
  {
    "id": "8f7709ed-abf0-4407-9a75-5f60fb7e0335",
    "data": [
      {
        "text": "very sorry",
        "userDefined": false
      }
    ],
    "isTemplate": false,
    "count": 0,
    "updated": 1537386621
  },
  {
    "id": "3f87357e-9a75-48da-afcb-07ea9344cde5",
    "data": [
      {
        "text": "okay I\u0027m sorry",
        "userDefined": false
      }
    ],
    "isTemplate": false,
    "count": 0,
    "updated": 1537386621
  },
  {
    "id": "c28e2608-bded-4d59-8f67-8afb3f69b5cd",
    "data": [
      {
        "text": "I said sorry",
        "userDefined": false
      }
    ],
    "isTemplate": false,
    "count": 0,
    "updated": 1537386621
  },
  {
    "id": "667501db-7ab5-48bd-8d4b-754ea14653d5",
    "data": [
      {
        "text": "I\u0027m sorry",
        "userDefined": false
      }
    ],
    "isTemplate": false,
    "count": 0,
    "updated": 1537386621
  },
  {
    "id": "a4262473-00d1-4ddb-9224-02ab49518605",
    "data": [
      {
        "text": "apologise",
        "userDefined": false
      }
    ],
    "isTemplate": false,
    "count": 0,
    "updated": 1537386621
  },
  {
    "id": "bc1487b9-7f8a-4f34-a8e3-1beee848cb90",
    "data": [
      {
        "text": "apologies to me",
        "userDefined": false
      }
    ],
    "isTemplate": false,
    "count": 0,
    "updated": 1537386621
  },
  {
    "id": "e7c6e111-f7a8-4ad8-83fc-ceed7d0738ce",
    "data": [
      {
        "text": "forgive me",
        "userDefined": false
      }
    ],
    "isTemplate": false,
    "count": 0,
    "updated": 1537386621
  },
  {
    "id": "33f89e57-67a1-45a6-b934-912b32769ad2",
    "data": [
      {
        "text": "I am really sorry",
        "userDefined": false
      }
    ],
    "isTemplate": false,
    "count": 0,
    "updated": 1537386621
  },
  {
    "id": "90b5d852-23be-4c76-a35f-ac57fb31d26b",
    "data": [
      {
        "text": "I apologize",
        "userDefined": false
      }
    ],
    "isTemplate": false,
    "count": 0,
    "updated": 1537386621
  },
  {
    "id": "59a5759f-0a3c-462d-824e-039a5b0a65c7",
    "data": [
      {
        "text": "I want to say sorry",
        "userDefined": false
      }
    ],
    "isTemplate": false,
    "count": 0,
    "updated": 1537386621
  },
  {
    "id": "429a7688-3816-47b9-9dd6-4478b5ce9c5a",
    "data": [
      {
        "text": "apology",
        "userDefined": false
      }
    ],
    "isTemplate": false,
    "count": 0,
    "updated": 1537386621
  }
]