[
  {
    "id": "207ab1d4-c498-4211-b392-55552602b96c",
    "data": [
      {
        "text": "much appreciated",
        "userDefined": false
      }
    ],
    "isTemplate": false,
    "count": 0,
    "updated": 1540301379
  },
  {
    "id": "8c9d0b0f-97a7-4c0b-809d-46e6950a1807",
    "data": [
      {
        "text": " that\u0027s appreciated",
        "userDefined": false
      }
    ],
    "isTemplate": false,
    "count": 0,
    "updated": 1540301379
  },
  {
    "id": "ab545a64-db1f-4492-9c1f-04087a3e9d8c",
    "data": [
      {
        "text": "It\u0027s appreciated",
        "userDefined": false
      }
    ],
    "isTemplate": false,
    "count": 0,
    "updated": 1540301379
  },
  {
    "id": "e8663459-1c37-4c8e-8776-6b6df077afe6",
    "data": [
      {
        "text": "awesome service",
        "userDefined": false
      }
    ],
    "isTemplate": false,
    "count": 0,
    "updated": 1540301379
  },
  {
    "id": "b804eb98-7f83-4769-a144-7bf6f3033405",
    "data": [
      {
        "text": "Amazing service",
        "userDefined": false
      }
    ],
    "isTemplate": false,
    "count": 0,
    "updated": 1540301379
  },
  {
    "id": "847e0693-e0e0-4f0f-89ed-1b8c76a07139",
    "data": [
      {
        "text": "thx for ",
        "userDefined": false
      },
      {
        "text": "your",
        "meta": "@sys.ignore",
        "userDefined": false
      },
      {
        "text": " ",
        "userDefined": false
      },
      {
        "text": "help",
        "meta": "@sys.ignore",
        "userDefined": false
      }
    ],
    "isTemplate": false,
    "count": 0,
    "updated": 1540301379
  },
  {
    "id": "7e380f85-f6c4-4ee1-99ef-f07485e6c2c8",
    "data": [
      {
        "text": "appreciate all the ",
        "userDefined": false
      },
      {
        "text": "help",
        "meta": "@sys.ignore",
        "userDefined": false
      }
    ],
    "isTemplate": false,
    "count": 0,
    "updated": 1540301379
  },
  {
    "id": "a9bc6dc4-39a0-4306-8028-2a189291f5c9",
    "data": [
      {
        "text": "thanks so much",
        "userDefined": false
      }
    ],
    "isTemplate": false,
    "count": 2,
    "updated": 1540301379
  },
  {
    "id": "4f95a74d-24e6-47fa-a2ab-59b399519318",
    "data": [
      {
        "text": "Cool. Thank you.  I really like what you\u0027re doing.",
        "userDefined": false
      }
    ],
    "isTemplate": false,
    "count": 1,
    "updated": 1540301379
  },
  {
    "id": "be39a236-dbb8-4b82-8617-fefdb7e75579",
    "data": [
      {
        "text": "cheers",
        "meta": "@sys.ignore",
        "userDefined": true
      }
    ],
    "isTemplate": false,
    "count": 0,
    "updated": 0
  },
  {
    "id": "d96c5871-4f75-486e-9fb7-3a124cf37d34",
    "data": [
      {
        "text": "thanks a lot",
        "userDefined": false
      }
    ],
    "isTemplate": false,
    "count": 2,
    "updated": 1540301379
  },
  {
    "id": "6dc09269-4d24-4894-ae53-dae6e049ffb2",
    "data": [
      {
        "text": "good",
        "meta": "@sys.ignore",
        "userDefined": true
      },
      {
        "text": " thanks",
        "userDefined": false
      }
    ],
    "isTemplate": false,
    "count": 0,
    "updated": 1540301379
  },
  {
    "id": "00c2df1e-6c51-4ebc-8c00-11f55c0f9edf",
    "data": [
      {
        "text": "thanx",
        "userDefined": false
      }
    ],
    "isTemplate": false,
    "count": 0,
    "updated": 1537429537
  },
  {
    "id": "5bcdc6bd-3047-4b28-ac06-7e419726a34b",
    "data": [
      {
        "text": "alright ",
        "userDefined": false
      },
      {
        "text": "thank you",
        "meta": "@sys.ignore",
        "userDefined": true
      }
    ],
    "isTemplate": false,
    "count": 1,
    "updated": 1537429537
  },
  {
    "id": "120c6b00-b202-4d63-a4d7-4c2b49a5e113",
    "data": [
      {
        "text": "appreciate your help",
        "userDefined": false
      }
    ],
    "isTemplate": false,
    "count": 0,
    "updated": 0
  },
  {
    "id": "0470e96c-ae99-4cba-a6ed-3d4c5f18b4ac",
    "data": [
      {
        "text": "nice",
        "meta": "@sys.ignore",
        "userDefined": true
      },
      {
        "text": " ",
        "userDefined": false
      },
      {
        "text": "thank you",
        "meta": "@sys.ignore",
        "userDefined": true
      }
    ],
    "isTemplate": false,
    "count": 0,
    "updated": 0
  },
  {
    "id": "e899cd45-1b0d-4e54-8c11-c7594ac2c3a5",
    "data": [
      {
        "text": "thank you",
        "meta": "@sys.ignore",
        "userDefined": true
      },
      {
        "text": " again",
        "userDefined": false
      }
    ],
    "isTemplate": false,
    "count": 0,
    "updated": 0
  },
  {
    "id": "f58ec235-d959-4762-a3aa-8131c20f9695",
    "data": [
      {
        "text": "alright thanks",
        "userDefined": false
      }
    ],
    "isTemplate": false,
    "count": 0,
    "updated": 0
  },
  {
    "id": "37e8511e-6b4a-4282-a6b1-4d00c146e638",
    "data": [
      {
        "text": "no ",
        "userDefined": false
      },
      {
        "text": "thank you",
        "meta": "@sys.ignore",
        "userDefined": true
      },
      {
        "text": " that\u0027s ",
        "userDefined": false
      },
      {
        "text": "all",
        "meta": "@sys.ignore",
        "userDefined": true
      }
    ],
    "isTemplate": false,
    "count": 0,
    "updated": 0
  },
  {
    "id": "f5dd7222-7be2-4f06-b8e5-8ec3329e7104",
    "data": [
      {
        "text": "I ",
        "userDefined": false
      },
      {
        "text": "thank you",
        "meta": "@sys.ignore",
        "userDefined": true
      }
    ],
    "isTemplate": false,
    "count": 0,
    "updated": 0
  },
  {
    "id": "9947ffcc-8737-4ec8-bbcb-dde80d06cafc",
    "data": [
      {
        "text": "thanks",
        "userDefined": false
      }
    ],
    "isTemplate": false,
    "count": 0,
    "updated": 0
  },
  {
    "id": "ecc64ea9-e045-420b-965d-a2929b05eb2b",
    "data": [
      {
        "text": "thank you",
        "meta": "@sys.ignore",
        "userDefined": true
      },
      {
        "text": " that ",
        "userDefined": false
      },
      {
        "text": "will",
        "meta": "@sys.ignore",
        "userDefined": true
      },
      {
        "text": " be ",
        "userDefined": false
      },
      {
        "text": "all",
        "meta": "@sys.ignore",
        "userDefined": true
      }
    ],
    "isTemplate": false,
    "count": 0,
    "updated": 0
  },
  {
    "id": "c67b88c6-48ab-4053-be5b-a5d51dbde9af",
    "data": [
      {
        "text": "thanks buddy",
        "userDefined": false
      }
    ],
    "isTemplate": false,
    "count": 0,
    "updated": 0
  },
  {
    "id": "af9c702e-d69a-4827-9e12-e6c0c30c03ea",
    "data": [
      {
        "text": "great ",
        "userDefined": false
      },
      {
        "text": "thank you",
        "meta": "@sys.ignore",
        "userDefined": true
      }
    ],
    "isTemplate": false,
    "count": 0,
    "updated": 0
  },
  {
    "id": "9a15d037-44ef-44b4-9d6d-abaf173ee007",
    "data": [
      {
        "text": "well thank you",
        "userDefined": false
      }
    ],
    "isTemplate": false,
    "count": 0,
    "updated": 0
  },
  {
    "id": "6eadbac9-2f52-4edc-abb1-f85da4f6b31f",
    "data": [
      {
        "text": "thank you",
        "meta": "@sys.ignore",
        "userDefined": true
      },
      {
        "text": " so much",
        "userDefined": false
      }
    ],
    "isTemplate": false,
    "count": 0,
    "updated": 0
  },
  {
    "id": "bd6349dd-3495-4ee6-9434-8e35dede82a2",
    "data": [
      {
        "text": "well",
        "meta": "@sys.ignore",
        "userDefined": true
      },
      {
        "text": " thanks",
        "userDefined": false
      }
    ],
    "isTemplate": false,
    "count": 0,
    "updated": 0
  },
  {
    "id": "e0c5864d-6762-458c-8a62-eab749f067d9",
    "data": [
      {
        "text": "thnx",
        "userDefined": false
      }
    ],
    "isTemplate": false,
    "count": 0,
    "updated": 0
  },
  {
    "id": "dc3c312f-07f8-4800-bc11-1115c9a4ffd9",
    "data": [
      {
        "text": "thank you",
        "meta": "@sys.ignore",
        "userDefined": true
      },
      {
        "text": " ",
        "userDefined": false
      },
      {
        "text": "my friend",
        "meta": "@sys.ignore",
        "userDefined": true
      }
    ],
    "isTemplate": false,
    "count": 0,
    "updated": 0
  },
  {
    "id": "df17f6e0-132a-480c-9405-eb65df9a54f8",
    "data": [
      {
        "text": "so ",
        "userDefined": false
      },
      {
        "text": "nice",
        "meta": "@sys.ignore",
        "userDefined": true
      },
      {
        "text": " of you",
        "userDefined": false
      }
    ],
    "isTemplate": false,
    "count": 0,
    "updated": 0
  },
  {
    "id": "23a28c51-a008-40f7-9584-5642b7b75ae8",
    "data": [
      {
        "text": "thank you",
        "meta": "@sys.ignore",
        "userDefined": true
      },
      {
        "text": " for ",
        "userDefined": false
      },
      {
        "text": "your",
        "meta": "@sys.ignore",
        "userDefined": true
      },
      {
        "text": " help",
        "userDefined": false
      }
    ],
    "isTemplate": false,
    "count": 1,
    "updated": 0
  },
  {
    "id": "5ebe4d99-8cdb-4312-aad6-46ed74c263a5",
    "data": [
      {
        "text": "I appreciate ",
        "userDefined": false
      },
      {
        "text": "it",
        "meta": "@sys.ignore",
        "userDefined": true
      }
    ],
    "isTemplate": false,
    "count": 0,
    "updated": 0
  },
  {
    "id": "866fea13-c003-4660-8e9f-defbcc2435d2",
    "data": [
      {
        "text": "Thanks for the help!",
        "userDefined": false
      }
    ],
    "isTemplate": false,
    "count": 0,
    "updated": 1497979757
  },
  {
    "id": "63ff9cbb-c811-4995-ad15-b61a77943ac4",
    "data": [
      {
        "text": "thank you",
        "meta": "@sys.ignore",
        "userDefined": true
      }
    ],
    "isTemplate": false,
    "count": 0,
    "updated": 0
  },
  {
    "id": "81858db7-4215-469a-8969-e5bcbbeb6053",
    "data": [
      {
        "text": "ok thx",
        "userDefined": false
      }
    ],
    "isTemplate": false,
    "count": 0,
    "updated": 1537426662
  },
  {
    "id": "88e75b7d-8fb6-4194-99b1-dd7e1bfead0e",
    "data": [
      {
        "text": "I appreciate ",
        "userDefined": false
      },
      {
        "text": "your",
        "meta": "@sys.ignore",
        "userDefined": false
      },
      {
        "text": " ",
        "userDefined": false
      },
      {
        "text": "help",
        "meta": "@sys.ignore",
        "userDefined": false
      }
    ],
    "isTemplate": false,
    "count": 0,
    "updated": 1537426662
  },
  {
    "id": "032caa58-2fac-4a26-973f-45dc2d0d1419",
    "data": [
      {
        "text": "thanks for ",
        "userDefined": false
      },
      {
        "text": "your",
        "meta": "@sys.ignore",
        "userDefined": true
      },
      {
        "text": " help",
        "userDefined": false
      }
    ],
    "isTemplate": false,
    "count": 0,
    "updated": 0
  },
  {
    "id": "bfd9a8da-197f-4a73-a6c4-8a2db9630a08",
    "data": [
      {
        "text": "🙏",
        "userDefined": false
      }
    ],
    "isTemplate": false,
    "count": 0,
    "updated": 1537426662
  },
  {
    "id": "79cc23e5-34d3-493b-964b-6ba0c68bb526",
    "data": [
      {
        "text": "thank ",
        "userDefined": false
      },
      {
        "text": "you",
        "meta": "@sys.ignore",
        "userDefined": true
      }
    ],
    "isTemplate": false,
    "count": 0,
    "updated": 0
  },
  {
    "id": "0fc3d44d-b83b-48b0-afa1-73408cd0f4cd",
    "data": [
      {
        "text": "much thanks",
        "userDefined": false
      }
    ],
    "isTemplate": false,
    "count": 0,
    "updated": 1537426662
  },
  {
    "id": "7c8d11fb-b114-424d-b16a-830dd4c1dba5",
    "data": [
      {
        "text": "many thanks",
        "userDefined": false
      }
    ],
    "isTemplate": false,
    "count": 0,
    "updated": 1537426662
  },
  {
    "id": "6171a51e-c2c5-4538-b003-b91c19de7e2f",
    "data": [
      {
        "text": "ty",
        "userDefined": false
      }
    ],
    "isTemplate": false,
    "count": 0,
    "updated": 1537426662
  },
  {
    "id": "c27eb5e9-031b-4028-9b4e-3a076c6df685",
    "data": [
      {
        "text": "thx",
        "userDefined": false
      }
    ],
    "isTemplate": false,
    "count": 0,
    "updated": 1505945055
  },
  {
    "id": "3ed80e30-e7b1-4fb1-86c0-33726e057201",
    "data": [
      {
        "text": "very ",
        "userDefined": false
      },
      {
        "text": "good",
        "meta": "@sys.ignore",
        "userDefined": true
      },
      {
        "text": " ",
        "userDefined": false
      },
      {
        "text": "thank you",
        "meta": "@sys.ignore",
        "userDefined": true
      }
    ],
    "isTemplate": false,
    "count": 0,
    "updated": 0
  },
  {
    "id": "f4240d02-db0e-4631-8700-5ac33bbaae9a",
    "data": [
      {
        "text": "perfect thank you",
        "userDefined": false
      }
    ],
    "isTemplate": false,
    "count": 0,
    "updated": 0
  },
  {
    "id": "0e858e0b-56ec-43d1-a71f-4669de1a0da0",
    "data": [
      {
        "text": "sure, np. thanks!",
        "userDefined": false
      }
    ],
    "isTemplate": false,
    "count": 0,
    "updated": 1498115380
  },
  {
    "id": "0788b7aa-2fd1-43f1-94e6-02969a95f312",
    "data": [
      {
        "text": "terrific ",
        "userDefined": false
      },
      {
        "text": "thank you",
        "meta": "@sys.ignore",
        "userDefined": true
      }
    ],
    "isTemplate": false,
    "count": 0,
    "updated": 0
  },
  {
    "id": "a3441b41-dc4e-4606-931c-59207c7b9707",
    "data": [
      {
        "text": "thanks ",
        "userDefined": false
      },
      {
        "text": "love",
        "meta": "@sys.ignore",
        "userDefined": true
      }
    ],
    "isTemplate": false,
    "count": 0,
    "updated": 0
  },
  {
    "id": "6dda55cc-8fcd-4c66-a68f-b053b03c9820",
    "data": [
      {
        "text": "well thanks",
        "userDefined": false
      }
    ],
    "isTemplate": false,
    "count": 0,
    "updated": 0
  },
  {
    "id": "44884ab7-4edd-48bb-9b43-fedcb065a005",
    "data": [
      {
        "text": "you helped a lot ",
        "userDefined": false
      },
      {
        "text": "thank you",
        "meta": "@sys.ignore",
        "userDefined": true
      }
    ],
    "isTemplate": false,
    "count": 1,
    "updated": 0
  },
  {
    "id": "16ebc68b-bfaf-4a6a-a00a-014082da933a",
    "data": [
      {
        "text": "thanks again",
        "userDefined": false
      }
    ],
    "isTemplate": false,
    "count": 0,
    "updated": 0
  }
]