[
  {
    "id": "0f7dda4b-628d-4056-b4f3-168525d3462d",
    "data": [
      {
        "text": "wow wow wow",
        "userDefined": false
      }
    ],
    "isTemplate": false,
    "count": 1,
    "updated": 1537429656
  },
  {
    "id": "ba3a2fe1-3026-406b-9d52-77b315907509",
    "data": [
      {
        "text": "ooooh",
        "userDefined": false
      }
    ],
    "isTemplate": false,
    "count": 0,
    "updated": 1537429656
  },
  {
    "id": "5d832e91-e7a0-4fb5-964d-6e5cd826ea51",
    "data": [
      {
        "text": "woah",
        "userDefined": false
      }
    ],
    "isTemplate": false,
    "count": 0,
    "updated": 1537429656
  },
  {
    "id": "aaadd885-4692-4297-ab4a-fff3ae7588cd",
    "data": [
      {
        "text": "wow",
        "userDefined": false
      }
    ],
    "isTemplate": false,
    "count": 0,
    "updated": 1537429656
  },
  {
    "id": "d71cc652-a8e1-4c9f-ae8a-92501e75621c",
    "data": [
      {
        "text": "wow wow",
        "userDefined": false
      }
    ],
    "isTemplate": false,
    "count": 0,
    "updated": 1537429656
  },
  {
    "id": "a0c28ff1-d336-47ee-8071-30256736a055",
    "data": [
      {
        "text": "anytime",
        "userDefined": false
      }
    ],
    "isTemplate": false,
    "count": 0,
    "updated": 1537428473
  },
  {
    "id": "7aa7cebb-2236-4d3f-9bab-93bfd14a40a4",
    "data": [
      {
        "text": "that\u0027s right",
        "userDefined": false
      }
    ],
    "isTemplate": false,
    "count": 0,
    "updated": 1537423616
  },
  {
    "id": "e1363409-5262-4876-a867-a5a1f6df2100",
    "data": [
      {
        "text": "I know that\u0027s right",
        "userDefined": false
      }
    ],
    "isTemplate": false,
    "count": 1,
    "updated": 1537423616
  },
  {
    "id": "7315a949-e653-4d01-aa53-1d79fe9db4dd",
    "data": [
      {
        "text": "true",
        "userDefined": false
      }
    ],
    "isTemplate": false,
    "count": 1,
    "updated": 1537423616
  },
  {
    "id": "929992d4-4484-4c45-ac06-2d92c3cb8a65",
    "data": [
      {
        "text": "that is true",
        "userDefined": false
      }
    ],
    "isTemplate": false,
    "count": 0,
    "updated": 1537423616
  },
  {
    "id": "376fce72-641f-4752-898c-aaa88944aac5",
    "data": [
      {
        "text": "that is right",
        "userDefined": false
      }
    ],
    "isTemplate": false,
    "count": 0,
    "updated": 1537423616
  },
  {
    "id": "e3c1121a-df55-4273-9d30-c84376076ae9",
    "data": [
      {
        "text": "you are so right",
        "userDefined": false
      }
    ],
    "isTemplate": false,
    "count": 0,
    "updated": 1537423616
  },
  {
    "id": "6316a5d7-7307-41f9-8bf0-c1689fdd5950",
    "data": [
      {
        "text": "it is true",
        "userDefined": false
      }
    ],
    "isTemplate": false,
    "count": 0,
    "updated": 1537423616
  },
  {
    "id": "32d191f5-b8bf-4ed0-bbe2-fd505e886c8e",
    "data": [
      {
        "text": "it\u0027s the truth",
        "userDefined": false
      }
    ],
    "isTemplate": false,
    "count": 0,
    "updated": 1537423616
  },
  {
    "id": "dd7b91bc-1eda-497e-add5-8e2514ca2b73",
    "data": [
      {
        "text": "it\u0027s right",
        "userDefined": false
      }
    ],
    "isTemplate": false,
    "count": 0,
    "updated": 1537423616
  },
  {
    "id": "84b1093f-a8d0-442a-80a5-674b8aec21b6",
    "data": [
      {
        "text": "you\u0027re absolutely right",
        "userDefined": false
      }
    ],
    "isTemplate": false,
    "count": 0,
    "updated": 1537423616
  },
  {
    "id": "e6671e96-369a-4480-83c6-f4e220f60e2f",
    "data": [
      {
        "text": "that is very true",
        "userDefined": false
      }
    ],
    "isTemplate": false,
    "count": 0,
    "updated": 1537423616
  },
  {
    "id": "b55c0caa-bf32-4e47-98b0-6958c6834d93",
    "data": [
      {
        "text": "you\u0027re telling the truth",
        "userDefined": false
      }
    ],
    "isTemplate": false,
    "count": 0,
    "updated": 1537423616
  },
  {
    "id": "97e010af-a6cf-433a-a373-9b8e6e4b6038",
    "data": [
      {
        "text": "you",
        "meta": "@sys.ignore",
        "userDefined": false
      },
      {
        "text": " speak the truth",
        "userDefined": false
      }
    ],
    "isTemplate": false,
    "count": 0,
    "updated": 1537423616
  },
  {
    "id": "60ccfe71-e2b7-46ed-83b7-472868ea8629",
    "data": [
      {
        "text": "you are right",
        "userDefined": false
      }
    ],
    "isTemplate": false,
    "count": 0,
    "updated": 1537423616
  },
  {
    "id": "2450454f-8d39-4415-bc80-b334b69c75e0",
    "data": [
      {
        "text": "you are correct",
        "userDefined": false
      }
    ],
    "isTemplate": false,
    "count": 0,
    "updated": 1537423616
  },
  {
    "id": "bae61062-9b55-458d-911d-e70157521d45",
    "data": [
      {
        "text": "that\u0027s correct",
        "userDefined": false
      }
    ],
    "isTemplate": false,
    "count": 0,
    "updated": 1537423616
  },
  {
    "id": "1f86db96-e7a0-490b-be3e-66f37b236d96",
    "data": [
      {
        "text": "you\u0027re definitely right",
        "userDefined": false
      }
    ],
    "isTemplate": false,
    "count": 0,
    "updated": 1537423616
  },
  {
    "id": "f940cd3d-c138-421a-a41c-95c9b47e6be0",
    "data": [
      {
        "text": "that\u0027s true",
        "userDefined": false
      }
    ],
    "isTemplate": false,
    "count": 0,
    "updated": 1537423616
  },
  {
    "id": "aad4664e-cd73-411a-90ad-977c1bf8f69d",
    "data": [
      {
        "text": "what ",
        "userDefined": false
      },
      {
        "text": "you",
        "meta": "@sys.ignore",
        "userDefined": false
      },
      {
        "text": " say is true",
        "userDefined": false
      }
    ],
    "isTemplate": false,
    "count": 0,
    "updated": 1537423616
  },
  {
    "id": "bc4482fe-3e64-4b49-a667-84eb6a0d1623",
    "data": [
      {
        "text": "you\u0027re right about that",
        "userDefined": false
      }
    ],
    "isTemplate": false,
    "count": 0,
    "updated": 1537423616
  },
  {
    "id": "572f5233-b67d-4829-8fbd-1f15eccfed52",
    "data": [
      {
        "text": "that\u0027s so true",
        "userDefined": false
      }
    ],
    "isTemplate": false,
    "count": 0,
    "updated": 1537423616
  },
  {
    "id": "67b794db-9181-4521-86fb-284d29a301cc",
    "data": [
      {
        "text": "that is correct",
        "userDefined": false
      }
    ],
    "isTemplate": false,
    "count": 1,
    "updated": 1537423616
  },
  {
    "id": "bdf5bccb-e3c4-4b87-a7c0-7d41e06f758e",
    "data": [
      {
        "text": "you\u0027re never wrong",
        "userDefined": false
      }
    ],
    "isTemplate": false,
    "count": 0,
    "updated": 1537423616
  },
  {
    "id": "c31ac541-7848-4db4-82e4-2584d258b199",
    "data": [
      {
        "text": "you\u0027re not wrong",
        "userDefined": false
      }
    ],
    "isTemplate": false,
    "count": 0,
    "updated": 1537423616
  },
  {
    "id": "74555576-5f33-4c07-b419-ae03aad430bf",
    "data": [
      {
        "text": "it\u0027s true",
        "userDefined": false
      }
    ],
    "isTemplate": false,
    "count": 0,
    "updated": 1537423616
  },
  {
    "id": "26e88717-20e4-4fea-a802-a2bd64e93626",
    "data": [
      {
        "text": "you\u0027re the bomb",
        "userDefined": false
      }
    ],
    "isTemplate": false,
    "count": 0,
    "updated": 1537392294
  },
  {
    "id": "46652e63-31c6-44d7-bbd9-a66cc8419f4d",
    "data": [
      {
        "text": "you\u0027re bae",
        "userDefined": false
      }
    ],
    "isTemplate": false,
    "count": 0,
    "updated": 1537392294
  },
  {
    "id": "e348861f-3244-416a-8597-06ed70d1d4dd",
    "data": [
      {
        "text": "you\u0027re the shit",
        "userDefined": false
      }
    ],
    "isTemplate": false,
    "count": 0,
    "updated": 1537392294
  },
  {
    "id": "a28e7b1f-186c-4724-9d3f-3dd2bbceb328",
    "data": [
      {
        "text": "smart",
        "userDefined": false
      }
    ],
    "isTemplate": false,
    "count": 0,
    "updated": 1537377599
  },
  {
    "id": "84c7f239-5afd-4c24-b3c3-a02c1e2cd652",
    "data": [
      {
        "text": "smart cookie",
        "userDefined": false
      }
    ],
    "isTemplate": false,
    "count": 0,
    "updated": 1537377599
  },
  {
    "id": "191d63e7-0c93-43b7-a0c4-d155fd25d8ac",
    "data": [
      {
        "text": "you are intelligent",
        "userDefined": false
      }
    ],
    "isTemplate": false,
    "count": 0,
    "updated": 1537377599
  },
  {
    "id": "1e4aa899-7437-474d-a704-737393041db5",
    "data": [
      {
        "text": "you have lots of knowledge",
        "userDefined": false
      }
    ],
    "isTemplate": false,
    "count": 0,
    "updated": 1537377599
  },
  {
    "id": "c1b367e6-9a2f-4d11-87f1-8a6c9b26d54f",
    "data": [
      {
        "text": "you are a genius",
        "userDefined": false
      }
    ],
    "isTemplate": false,
    "count": 0,
    "updated": 1537377599
  },
  {
    "id": "b60f9669-de63-45aa-9b28-09fb9c573811",
    "data": [
      {
        "text": "you",
        "meta": "@sys.ignore",
        "userDefined": false
      },
      {
        "text": " know so much",
        "userDefined": false
      }
    ],
    "isTemplate": false,
    "count": 0,
    "updated": 1537377599
  },
  {
    "id": "8955489f-dd5c-440a-97aa-d83cb21a8e17",
    "data": [
      {
        "text": "brilliant",
        "meta": "@sys.ignore",
        "userDefined": true
      }
    ],
    "isTemplate": false,
    "count": 0,
    "updated": 0
  },
  {
    "id": "0ded624d-2b8f-4b58-9bd4-fa5f6ad41922",
    "data": [
      {
        "text": "you\u0027re quite smart",
        "userDefined": false
      }
    ],
    "isTemplate": false,
    "count": 0,
    "updated": 1537377599
  },
  {
    "id": "03aa1766-46c1-4932-91a5-b4d388fe1bf6",
    "data": [
      {
        "text": "you are so smart",
        "userDefined": false
      }
    ],
    "isTemplate": false,
    "count": 0,
    "updated": 1537377599
  },
  {
    "id": "f853d13b-589d-4ec5-8d29-5845b697a9e5",
    "data": [
      {
        "text": "you\u0027re really smart",
        "userDefined": false
      }
    ],
    "isTemplate": false,
    "count": 0,
    "updated": 1537377599
  },
  {
    "id": "68d95b97-1617-4892-90d8-7fe628ae9fa5",
    "data": [
      {
        "text": "you\u0027re smart",
        "userDefined": false
      }
    ],
    "isTemplate": false,
    "count": 0,
    "updated": 1537377599
  },
  {
    "id": "5e328fc2-525c-448c-b6fc-091189e34f9e",
    "data": [
      {
        "text": "you are so clever",
        "userDefined": false
      }
    ],
    "isTemplate": false,
    "count": 0,
    "updated": 1537377599
  },
  {
    "id": "41910968-ff5f-4bad-9bc4-2a042447a9db",
    "data": [
      {
        "text": "you",
        "meta": "@sys.ignore",
        "userDefined": false
      },
      {
        "text": " know a lot",
        "userDefined": false
      }
    ],
    "isTemplate": false,
    "count": 0,
    "updated": 1537377599
  },
  {
    "id": "b13d589f-4c77-43f8-9706-7a06e80ad92e",
    "data": [
      {
        "text": "you\u0027re very smart",
        "userDefined": false
      }
    ],
    "isTemplate": false,
    "count": 0,
    "updated": 1537377599
  },
  {
    "id": "04d64124-a4c0-45ff-82d4-78a6ce394f84",
    "data": [
      {
        "text": "you are very qualified",
        "userDefined": false
      }
    ],
    "isTemplate": false,
    "count": 0,
    "updated": 1537377599
  },
  {
    "id": "4fc1302a-b71d-4e3e-8967-fe8e33fcd3aa",
    "data": [
      {
        "text": "you\u0027re intelligent",
        "userDefined": false
      }
    ],
    "isTemplate": false,
    "count": 0,
    "updated": 1537377599
  },
  {
    "id": "26cb8fdf-443f-4ec3-b32c-1d5059675e1f",
    "data": [
      {
        "text": "you\u0027re clever",
        "userDefined": false
      }
    ],
    "isTemplate": false,
    "count": 0,
    "updated": 1537377599
  },
  {
    "id": "089af84d-af88-448a-ab20-fa8b2913d9d7",
    "data": [
      {
        "text": "wow ",
        "userDefined": false
      },
      {
        "text": "you",
        "meta": "@sys.ignore",
        "userDefined": false
      },
      {
        "text": " know a lot",
        "userDefined": false
      }
    ],
    "isTemplate": false,
    "count": 0,
    "updated": 1537377599
  },
  {
    "id": "aa7afb17-fc50-48a5-bc5b-3154362068f5",
    "data": [
      {
        "text": "you\u0027re so smart",
        "userDefined": false
      }
    ],
    "isTemplate": false,
    "count": 2,
    "updated": 1537377599
  },
  {
    "id": "953d5665-c6b3-4f0c-bf70-5e02b88d8660",
    "data": [
      {
        "text": "that\u0027s smart",
        "userDefined": false
      }
    ],
    "isTemplate": false,
    "count": 0,
    "updated": 1537377599
  },
  {
    "id": "20e327a1-cd1b-4f61-b604-5e0c0a7a33f9",
    "data": [
      {
        "text": "you\u0027re brilliant",
        "userDefined": false
      }
    ],
    "isTemplate": false,
    "count": 0,
    "updated": 1537377599
  },
  {
    "id": "2f989527-0538-48f1-9181-2a908fa84c28",
    "data": [
      {
        "text": "you\u0027re a genius",
        "userDefined": false
      }
    ],
    "isTemplate": false,
    "count": 0,
    "updated": 1537377599
  },
  {
    "id": "2e9c82cf-0ea4-42c9-9933-0a224365aad6",
    "data": [
      {
        "text": "clever",
        "userDefined": false
      }
    ],
    "isTemplate": false,
    "count": 0,
    "updated": 1537377599
  },
  {
    "id": "2a16b520-c3fb-4536-9595-9c13d4243faa",
    "data": [
      {
        "text": "this is useful",
        "userDefined": false
      }
    ],
    "isTemplate": false,
    "count": 0,
    "updated": 1537377599
  },
  {
    "id": "7ed717a1-6ff0-4e71-bdcf-47cc85784267",
    "data": [
      {
        "text": "you\u0027re lovely",
        "userDefined": false
      }
    ],
    "isTemplate": false,
    "count": 0,
    "updated": 1537377599
  },
  {
    "id": "911c55f0-7f6c-408b-baa6-92b20bacda86",
    "data": [
      {
        "text": "you\u0027re helpful",
        "userDefined": false
      }
    ],
    "isTemplate": false,
    "count": 0,
    "updated": 1537377599
  },
  {
    "id": "a6417421-6dee-4ecd-848d-b9a856c949fc",
    "data": [
      {
        "text": "you are very helpful",
        "userDefined": false
      }
    ],
    "isTemplate": false,
    "count": 0,
    "updated": 1537377599
  },
  {
    "id": "755eb407-67fd-47d6-a489-be4d17ce288e",
    "data": [
      {
        "text": "you",
        "meta": "@sys.ignore",
        "userDefined": false
      },
      {
        "text": " made my day",
        "userDefined": false
      }
    ],
    "isTemplate": false,
    "count": 1,
    "updated": 1537377599
  },
  {
    "id": "53ad61a0-d48e-49f2-9b93-ad611e544338",
    "data": [
      {
        "text": "you\u0027re super",
        "userDefined": false
      }
    ],
    "isTemplate": false,
    "count": 0,
    "updated": 1537377599
  },
  {
    "id": "c6163b77-447e-43c5-9131-c7c0f4ccbfa0",
    "data": [
      {
        "text": "you\u0027re good",
        "userDefined": false
      }
    ],
    "isTemplate": false,
    "count": 0,
    "updated": 1537377599
  },
  {
    "id": "ea34e023-8ed2-4934-9262-a9c33aedd633",
    "data": [
      {
        "text": "you\u0027re wonderful",
        "userDefined": false
      }
    ],
    "isTemplate": false,
    "count": 0,
    "updated": 1537377599
  },
  {
    "id": "6e686a8d-fa0b-46b9-b1db-6d28d8ebf37a",
    "data": [
      {
        "text": "you are good",
        "userDefined": false
      }
    ],
    "isTemplate": false,
    "count": 0,
    "updated": 1537377599
  },
  {
    "id": "9814d47e-3669-41cf-b70b-9db124a65667",
    "data": [
      {
        "text": "you are amazing",
        "userDefined": false
      }
    ],
    "isTemplate": false,
    "count": 0,
    "updated": 1537377599
  },
  {
    "id": "2c7493b0-f403-4c39-b49c-31e1d703206d",
    "data": [
      {
        "text": "you\u0027re awesome",
        "userDefined": false
      }
    ],
    "isTemplate": false,
    "count": 0,
    "updated": 1537377599
  },
  {
    "id": "f17759cf-de7d-4259-837d-1f233c94745b",
    "data": [
      {
        "text": "you are so awesome",
        "userDefined": false
      }
    ],
    "isTemplate": false,
    "count": 0,
    "updated": 1537377599
  },
  {
    "id": "dc775bd7-0462-404a-b1cf-3cd27888c066",
    "data": [
      {
        "text": "you",
        "meta": "@sys.ignore",
        "userDefined": false
      },
      {
        "text": " work well",
        "userDefined": false
      }
    ],
    "isTemplate": false,
    "count": 0,
    "updated": 1537377599
  },
  {
    "id": "24d83d19-5651-4082-b234-97ca2769f657",
    "data": [
      {
        "text": "you",
        "meta": "@sys.ignore",
        "userDefined": false
      },
      {
        "text": " work very well",
        "userDefined": false
      }
    ],
    "isTemplate": false,
    "count": 0,
    "updated": 1537377599
  },
  {
    "id": "4fc66149-e9b3-4d16-82c3-9ff25dfc2cf2",
    "data": [
      {
        "text": "you",
        "meta": "@sys.ignore",
        "userDefined": false
      },
      {
        "text": " know best",
        "userDefined": false
      }
    ],
    "isTemplate": false,
    "count": 0,
    "updated": 1537377599
  },
  {
    "id": "4580bf42-2e9f-49ba-ae9f-8038efa6d1b2",
    "data": [
      {
        "text": "you",
        "meta": "@sys.ignore",
        "userDefined": false
      },
      {
        "text": " seem to know",
        "userDefined": false
      }
    ],
    "isTemplate": false,
    "count": 0,
    "updated": 1537377599
  },
  {
    "id": "5cd85d3c-0abe-4b72-81f3-6f0c27b3f789",
    "data": [
      {
        "text": "you\u0027re good at this",
        "userDefined": false
      }
    ],
    "isTemplate": false,
    "count": 0,
    "updated": 1537377599
  },
  {
    "id": "69876958-00d2-451c-81e1-94fee934fa58",
    "data": [
      {
        "text": "you are so good",
        "userDefined": false
      }
    ],
    "isTemplate": false,
    "count": 0,
    "updated": 1537377599
  },
  {
    "id": "afd32616-8171-42fb-a215-31186001fa21",
    "data": [
      {
        "text": "you",
        "meta": "@sys.ignore",
        "userDefined": true
      },
      {
        "text": " are the best",
        "userDefined": false
      }
    ],
    "isTemplate": false,
    "count": 0,
    "updated": 1537377599
  },
  {
    "id": "e491fb45-001a-4582-a7f1-4eef8c62d921",
    "data": [
      {
        "text": "you are really amazing",
        "userDefined": false
      }
    ],
    "isTemplate": false,
    "count": 0,
    "updated": 1537377599
  },
  {
    "id": "d652d7ad-7ee3-4511-a5cd-56aa3c011108",
    "data": [
      {
        "text": "you are so amazing",
        "userDefined": false
      }
    ],
    "isTemplate": false,
    "count": 0,
    "updated": 1537377599
  },
  {
    "id": "90fa0983-e550-44f7-827d-c3cfde63c789",
    "data": [
      {
        "text": "you are so cool",
        "userDefined": false
      }
    ],
    "isTemplate": false,
    "count": 0,
    "updated": 1537377599
  },
  {
    "id": "6ec66f4a-12bb-4e80-b644-d32c0ecc7246",
    "data": [
      {
        "text": "you are kind",
        "userDefined": false
      }
    ],
    "isTemplate": false,
    "count": 0,
    "updated": 1537377599
  },
  {
    "id": "5a1167f0-7cd8-4ab0-8082-2b8ffd029504",
    "data": [
      {
        "text": "you\u0027re a pro",
        "userDefined": false
      }
    ],
    "isTemplate": false,
    "count": 0,
    "updated": 1537377599
  },
  {
    "id": "7200d5d8-49f2-40bf-82a5-1225c212147d",
    "data": [
      {
        "text": "you are very kind",
        "userDefined": false
      }
    ],
    "isTemplate": false,
    "count": 0,
    "updated": 1537377599
  },
  {
    "id": "79593630-e0e2-45e9-ae3d-b899aa992750",
    "data": [
      {
        "text": "you",
        "meta": "@sys.ignore",
        "userDefined": false
      },
      {
        "text": " rock",
        "userDefined": false
      }
    ],
    "isTemplate": false,
    "count": 0,
    "updated": 1537377599
  },
  {
    "id": "60b48e4e-3dc9-419c-920a-a3386933b6a3",
    "data": [
      {
        "text": "you\u0027re really nice",
        "userDefined": false
      }
    ],
    "isTemplate": false,
    "count": 1,
    "updated": 1537377599
  },
  {
    "id": "eb9fb41a-368c-48ac-832c-f141bca59d58",
    "data": [
      {
        "text": "you are too good",
        "userDefined": false
      }
    ],
    "isTemplate": false,
    "count": 0,
    "updated": 1537377599
  },
  {
    "id": "94911d53-902f-4902-9acb-75b23b600d2a",
    "data": [
      {
        "text": "you are very cool",
        "userDefined": false
      }
    ],
    "isTemplate": false,
    "count": 0,
    "updated": 1537377599
  },
  {
    "id": "8d06cbb6-b932-446b-bd64-03b13831ee67",
    "data": [
      {
        "text": "😀",
        "alias": "happy-emoji",
        "meta": "@happy-emoji",
        "userDefined": false
      }
    ],
    "isTemplate": false,
    "count": 0,
    "updated": 1537377599
  },
  {
    "id": "1d5c5e7b-dcbe-48a7-9112-831afe0a5488",
    "data": [
      {
        "text": "happy to see ",
        "userDefined": false
      },
      {
        "text": "you",
        "meta": "@sys.ignore",
        "userDefined": false
      }
    ],
    "isTemplate": false,
    "count": 0,
    "updated": 1537377599
  },
  {
    "id": "af0ef1e4-6477-4d6a-84ea-be7991e959ab",
    "data": [
      {
        "text": "I\u0027m happy",
        "userDefined": false
      }
    ],
    "isTemplate": false,
    "count": 0,
    "updated": 1537377599
  },
  {
    "id": "c13f0580-ef93-40ce-9fcd-87a7410c246f",
    "data": [
      {
        "text": "happy",
        "userDefined": false
      }
    ],
    "isTemplate": false,
    "count": 0,
    "updated": 1537377599
  },
  {
    "id": "d4550aeb-ae5a-4234-824f-dd895424e678",
    "data": [
      {
        "text": "happy to hear from ",
        "userDefined": false
      },
      {
        "text": "you",
        "meta": "@sys.ignore",
        "userDefined": false
      }
    ],
    "isTemplate": false,
    "count": 0,
    "updated": 1537377599
  },
  {
    "id": "3148b69b-b682-4ee0-b8f0-2a84add52703",
    "data": [
      {
        "text": "good to hear from ",
        "userDefined": false
      },
      {
        "text": "you",
        "meta": "@sys.ignore",
        "userDefined": false
      }
    ],
    "isTemplate": false,
    "count": 0,
    "updated": 1537377599
  },
  {
    "id": "9f538587-647a-4a72-b29b-1d323a8045da",
    "data": [
      {
        "text": "happy for ",
        "userDefined": false
      },
      {
        "text": "you",
        "meta": "@sys.ignore",
        "userDefined": false
      }
    ],
    "isTemplate": false,
    "count": 0,
    "updated": 1537377599
  },
  {
    "id": "0ee5ceea-e37a-43e4-8151-31e6a53f5571",
    "data": [
      {
        "text": "if you\u0027re happy than I\u0027m happy",
        "userDefined": false
      }
    ],
    "isTemplate": false,
    "count": 0,
    "updated": 1537377599
  },
  {
    "id": "8438bb08-c39a-4667-b3bf-b0fbab59dce4",
    "data": [
      {
        "text": "you\u0027re great",
        "userDefined": false
      }
    ],
    "isTemplate": false,
    "count": 0,
    "updated": 1537377599
  },
  {
    "id": "fe9b89c3-b0e4-46ab-a678-8d61e88062bb",
    "data": [
      {
        "text": "you",
        "meta": "@sys.ignore",
        "userDefined": false
      },
      {
        "text": " sound ",
        "userDefined": false
      },
      {
        "text": "human",
        "meta": "@sys.ignore",
        "userDefined": false
      }
    ],
    "isTemplate": false,
    "count": 0,
    "updated": 1537377599
  },
  {
    "id": "fbe700ac-0188-4818-96d4-7f62a328e972",
    "data": [
      {
        "text": "you are cool",
        "userDefined": false
      }
    ],
    "isTemplate": false,
    "count": 0,
    "updated": 1537377599
  },
  {
    "id": "b8ba9745-cef2-40ac-8ebb-994f84f8a386",
    "data": [
      {
        "text": "you\u0027re the best",
        "userDefined": false
      }
    ],
    "isTemplate": false,
    "count": 2,
    "updated": 1537377599
  },
  {
    "id": "413457e5-dd43-490c-972d-f3fbd18aced0",
    "data": [
      {
        "text": "you are awesome",
        "userDefined": false
      }
    ],
    "isTemplate": false,
    "count": 2,
    "updated": 1537377599
  },
  {
    "id": "c88d3f22-d884-4e18-801d-8a379264cdb5",
    "data": [
      {
        "text": "this is the best",
        "userDefined": false
      }
    ],
    "isTemplate": false,
    "count": 0,
    "updated": 1537377599
  },
  {
    "id": "eff1504a-80e2-4cb9-8232-6d3c24f2348f",
    "data": [
      {
        "text": "awesome",
        "userDefined": false
      }
    ],
    "isTemplate": false,
    "count": 0,
    "updated": 1537374213
  },
  {
    "id": "76fb2b0d-8961-41e6-a20d-122febc4379f",
    "data": [
      {
        "text": "I\u0027m impressed",
        "userDefined": false
      }
    ],
    "isTemplate": false,
    "count": 0,
    "updated": 1537374213
  },
  {
    "id": "57579302-afb8-4f21-a2f8-be30a9bc8685",
    "data": [
      {
        "text": "this is so awesome",
        "userDefined": false
      }
    ],
    "isTemplate": false,
    "count": 0,
    "updated": 1537374213
  },
  {
    "id": "c51423c3-4f51-4196-ab25-a096e6231a98",
    "data": [
      {
        "text": "this is ",
        "userDefined": false
      },
      {
        "text": "great",
        "meta": "@sys.ignore",
        "userDefined": true
      }
    ],
    "isTemplate": false,
    "count": 0,
    "updated": 0
  },
  {
    "id": "666b3cba-0991-44cd-abd5-9ab3907dbebf",
    "data": [
      {
        "text": "this is sweet",
        "userDefined": false
      }
    ],
    "isTemplate": false,
    "count": 0,
    "updated": 1537374213
  },
  {
    "id": "5a87f6b7-957e-4390-9341-650f49100440",
    "data": [
      {
        "text": "so awesome",
        "userDefined": false
      }
    ],
    "isTemplate": false,
    "count": 0,
    "updated": 1537374213
  },
  {
    "id": "964df840-56f6-47fb-89a1-abcf16ea5e37",
    "data": [
      {
        "text": "I love this",
        "userDefined": false
      }
    ],
    "isTemplate": false,
    "count": 0,
    "updated": 1537374213
  },
  {
    "id": "6dd6ebbb-2ae2-46f0-99e2-92db36b070dd",
    "data": [
      {
        "text": "super awesome",
        "userDefined": false
      }
    ],
    "isTemplate": false,
    "count": 0,
    "updated": 1537374078
  },
  {
    "id": "b63d1fbb-d38b-4d6d-83a8-21465264c135",
    "data": [
      {
        "text": "super cool",
        "userDefined": false
      }
    ],
    "isTemplate": false,
    "count": 0,
    "updated": 1537374078
  },
  {
    "id": "19a314d0-72c4-4533-829f-9c38c547db2a",
    "data": [
      {
        "text": "really cool",
        "userDefined": false
      }
    ],
    "isTemplate": false,
    "count": 0,
    "updated": 1537374078
  },
  {
    "id": "d2f6e1f5-2c2a-43ca-a846-1318b06b14c9",
    "data": [
      {
        "text": "really ",
        "userDefined": false
      },
      {
        "text": "nice",
        "meta": "@sys.ignore",
        "userDefined": true
      }
    ],
    "isTemplate": false,
    "count": 0,
    "updated": 0
  },
  {
    "id": "03f3a24f-e05f-4c53-bb66-ee9beb522e80",
    "data": [
      {
        "text": "really great",
        "userDefined": false
      }
    ],
    "isTemplate": false,
    "count": 0,
    "updated": 1537374078
  },
  {
    "id": "5f81aa0c-6427-4ff1-8574-e1eab9d43226",
    "data": [
      {
        "text": "very nice",
        "userDefined": false
      }
    ],
    "isTemplate": false,
    "count": 0,
    "updated": 0
  },
  {
    "id": "2de319b2-4a86-4fdd-84df-62cc49f22f1b",
    "data": [
      {
        "text": "very awesome",
        "userDefined": false
      }
    ],
    "isTemplate": false,
    "count": 0,
    "updated": 1537374078
  },
  {
    "id": "e22af840-7d7f-452a-a8e0-13deb8e0a449",
    "data": [
      {
        "text": "very sweet",
        "userDefined": false
      }
    ],
    "isTemplate": false,
    "count": 0,
    "updated": 1537374078
  },
  {
    "id": "081f08df-4bd2-4568-896a-e8ccee267cf4",
    "data": [
      {
        "text": "just perfect",
        "userDefined": false
      }
    ],
    "isTemplate": false,
    "count": 0,
    "updated": 1537374078
  },
  {
    "id": "6ae94226-a714-41b0-bccb-9efcc7781686",
    "data": [
      {
        "text": "simply awesome",
        "userDefined": false
      }
    ],
    "isTemplate": false,
    "count": 0,
    "updated": 1537374078
  },
  {
    "id": "c8a67f49-0600-4fb5-b5eb-02d21ef00c21",
    "data": [
      {
        "text": "good work",
        "userDefined": false
      }
    ],
    "isTemplate": false,
    "count": 1,
    "updated": 1537304639
  },
  {
    "id": "6b1b5112-b85b-4403-a8be-c57913cb4ff0",
    "data": [
      {
        "text": "well done",
        "userDefined": false
      }
    ],
    "isTemplate": false,
    "count": 0,
    "updated": 1537304639
  },
  {
    "id": "5e5f2711-3632-4bce-94e1-a51b860462fc",
    "data": [
      {
        "text": "way to go",
        "userDefined": false
      }
    ],
    "isTemplate": false,
    "count": 0,
    "updated": 1537304639
  },
  {
    "id": "5b58aa28-cc30-41fc-8470-f120f4d32ad3",
    "data": [
      {
        "text": "amazing work",
        "userDefined": false
      }
    ],
    "isTemplate": false,
    "count": 0,
    "updated": 1537304639
  },
  {
    "id": "f5680d65-0631-45ae-9052-5e17c1dfba1f",
    "data": [
      {
        "text": "bravo",
        "userDefined": false
      }
    ],
    "isTemplate": false,
    "count": 0,
    "updated": 1537304639
  },
  {
    "id": "d97e6fad-bde9-4dc5-a786-fc5863831596",
    "data": [
      {
        "text": "nice work",
        "userDefined": false
      }
    ],
    "isTemplate": false,
    "count": 0,
    "updated": 1537304639
  },
  {
    "id": "cb8e5c39-eecb-49fd-a532-d82a127ab066",
    "data": [
      {
        "text": "great work",
        "userDefined": false
      }
    ],
    "isTemplate": false,
    "count": 0,
    "updated": 1537304639
  },
  {
    "id": "36d8e602-75a7-4e5b-ad09-4b2f98f60f28",
    "data": [
      {
        "text": "good job",
        "userDefined": false
      }
    ],
    "isTemplate": false,
    "count": 0,
    "updated": 1537304639
  },
  {
    "id": "e0a85a66-10fd-4da5-adc2-9eeda74cbb23",
    "data": [
      {
        "text": "this is well done",
        "userDefined": false
      }
    ],
    "isTemplate": false,
    "count": 0,
    "updated": 1537304639
  },
  {
    "id": "4a051b74-d2db-419b-82c1-4b6cc359782f",
    "data": [
      {
        "text": "great job",
        "userDefined": false
      }
    ],
    "isTemplate": false,
    "count": 0,
    "updated": 1537304639
  },
  {
    "id": "bba3827b-fbc3-4b1a-af1a-520666fc3f7a",
    "data": [
      {
        "text": "that\u0027s ",
        "userDefined": false
      },
      {
        "text": "nice",
        "meta": "@sys.ignore",
        "userDefined": true
      }
    ],
    "isTemplate": false,
    "count": 1,
    "updated": 1537304639
  },
  {
    "id": "c6413068-5c40-4661-bac6-541498d6b81e",
    "data": [
      {
        "text": "that was cute",
        "userDefined": false
      }
    ],
    "isTemplate": false,
    "count": 0,
    "updated": 1537304639
  },
  {
    "id": "6f1f2b1b-7e58-4fab-b98c-d93a7dae3a39",
    "data": [
      {
        "text": "fine",
        "meta": "@sys.ignore",
        "userDefined": true
      }
    ],
    "isTemplate": false,
    "count": 0,
    "updated": 0
  },
  {
    "id": "97858652-f3df-4bba-a76c-b70250e51107",
    "data": [
      {
        "text": "wonderful",
        "userDefined": false
      }
    ],
    "isTemplate": false,
    "count": 0,
    "updated": 1537304639
  },
  {
    "id": "69498916-85fa-4e6a-a839-f81b35443de9",
    "data": [
      {
        "text": "it",
        "meta": "@sys.ignore",
        "userDefined": true
      },
      {
        "text": "\u0027s good",
        "userDefined": false
      }
    ],
    "isTemplate": false,
    "count": 2,
    "updated": 1537304639
  },
  {
    "id": "37a7237b-729b-41a3-abbc-5fb0f86f40bb",
    "data": [
      {
        "text": "that\u0027s a ",
        "userDefined": false
      },
      {
        "text": "good",
        "meta": "@sys.ignore",
        "userDefined": true
      },
      {
        "text": " thing",
        "userDefined": false
      }
    ],
    "isTemplate": false,
    "count": 0,
    "updated": 1537304639
  },
  {
    "id": "93a3dc58-de74-4bbf-b507-2c3484bfff44",
    "data": [
      {
        "text": "that is awesome",
        "userDefined": false
      }
    ],
    "isTemplate": false,
    "count": 1,
    "updated": 1537304639
  },
  {
    "id": "505e8eaa-69e2-4289-bdcc-2b1de1a8dd14",
    "data": [
      {
        "text": "very ",
        "userDefined": false
      },
      {
        "text": "well",
        "meta": "@sys.ignore",
        "userDefined": true
      }
    ],
    "isTemplate": false,
    "count": 0,
    "updated": 1537304639
  },
  {
    "id": "7affde16-27fa-4ddb-bd5d-104e87c7020e",
    "data": [
      {
        "text": "that\u0027s fantastic",
        "userDefined": false
      }
    ],
    "isTemplate": false,
    "count": 0,
    "updated": 1537304639
  },
  {
    "id": "ea03b00f-d382-4286-aad2-eb66add92283",
    "data": [
      {
        "text": "good",
        "meta": "@sys.ignore",
        "userDefined": true
      },
      {
        "text": " to know",
        "userDefined": false
      }
    ],
    "isTemplate": false,
    "count": 0,
    "updated": 0
  },
  {
    "id": "f33bb670-d0c5-4c88-a025-27f99b0f9fc9",
    "data": [
      {
        "text": "not ",
        "userDefined": false
      },
      {
        "text": "bad",
        "meta": "@sys.ignore",
        "userDefined": true
      }
    ],
    "isTemplate": false,
    "count": 0,
    "updated": 0
  },
  {
    "id": "417df978-bd51-4a38-b378-c4691f39ba8c",
    "data": [
      {
        "text": "very ",
        "userDefined": false
      },
      {
        "text": "good",
        "meta": "@sys.ignore",
        "userDefined": true
      }
    ],
    "isTemplate": false,
    "count": 0,
    "updated": 0
  },
  {
    "id": "872fb4b4-6f7d-49c8-bab5-ab9a20ca6d01",
    "data": [
      {
        "text": "ok ",
        "userDefined": false
      },
      {
        "text": "good",
        "meta": "@sys.ignore",
        "userDefined": true
      }
    ],
    "isTemplate": false,
    "count": 0,
    "updated": 0
  },
  {
    "id": "d98fd93d-86a5-4035-86d3-0e011d028f42",
    "data": [
      {
        "text": "fantastic",
        "userDefined": false
      }
    ],
    "isTemplate": false,
    "count": 0,
    "updated": 0
  },
  {
    "id": "922e5cc5-d3ee-4729-806e-8d6c2c183a64",
    "data": [
      {
        "text": "not too ",
        "userDefined": false
      },
      {
        "text": "bad",
        "meta": "@sys.ignore",
        "userDefined": true
      }
    ],
    "isTemplate": false,
    "count": 2,
    "updated": 0
  },
  {
    "id": "fb8f241f-f8fb-46af-beb0-f2ae3842c1db",
    "data": [
      {
        "text": "good",
        "meta": "@sys.ignore",
        "userDefined": true
      },
      {
        "text": " thing",
        "userDefined": false
      }
    ],
    "isTemplate": false,
    "count": 0,
    "updated": 0
  },
  {
    "id": "e62e66e6-a0d5-45f9-ad6a-4296d35ddf8f",
    "data": [
      {
        "text": "that is ",
        "userDefined": false
      },
      {
        "text": "good",
        "meta": "@sys.ignore",
        "userDefined": true
      }
    ],
    "isTemplate": false,
    "count": 0,
    "updated": 0
  },
  {
    "id": "9279c443-0b48-40f5-a7f2-29877e2cfd70",
    "data": [
      {
        "text": "it",
        "meta": "@sys.ignore",
        "userDefined": true
      },
      {
        "text": " is ",
        "userDefined": false
      },
      {
        "text": "fine",
        "meta": "@sys.ignore",
        "userDefined": true
      }
    ],
    "isTemplate": false,
    "count": 0,
    "updated": 0
  },
  {
    "id": "af8f1b9c-ac4e-4fcf-94a4-4e0f943627f6",
    "data": [
      {
        "text": "that\u0027s really ",
        "userDefined": false
      },
      {
        "text": "good",
        "meta": "@sys.ignore",
        "userDefined": true
      }
    ],
    "isTemplate": false,
    "count": 0,
    "updated": 0
  },
  {
    "id": "99b69cc6-982b-4206-b1aa-98de10ff51bb",
    "data": [
      {
        "text": "great",
        "meta": "@sys.ignore",
        "userDefined": true
      }
    ],
    "isTemplate": false,
    "count": 1,
    "updated": 0
  },
  {
    "id": "d9d9fd5e-f7d6-4626-957b-5ba589390dde",
    "data": [
      {
        "text": "sweet",
        "userDefined": false
      }
    ],
    "isTemplate": false,
    "count": 1,
    "updated": 0
  },
  {
    "id": "7828e3bc-1669-4a67-8b0d-e12011b944bf",
    "data": [
      {
        "text": "straight",
        "userDefined": false
      }
    ],
    "isTemplate": false,
    "count": 0,
    "updated": 0
  },
  {
    "id": "d1924160-4e95-486a-b0da-21b1db87dcda",
    "data": [
      {
        "text": "super fantastic",
        "userDefined": false
      }
    ],
    "isTemplate": false,
    "count": 0,
    "updated": 0
  },
  {
    "id": "2d414af8-42c8-4566-a048-0a4eb68a4e29",
    "data": [
      {
        "text": "it\u0027s",
        "meta": "@sys.ignore",
        "userDefined": true
      },
      {
        "text": " perfect",
        "userDefined": false
      }
    ],
    "isTemplate": false,
    "count": 1,
    "updated": 0
  },
  {
    "id": "7669df89-b0ea-4303-a0a9-7ad64b3873f6",
    "data": [
      {
        "text": "nice",
        "meta": "@sys.ignore",
        "userDefined": true
      }
    ],
    "isTemplate": false,
    "count": 0,
    "updated": 0
  },
  {
    "id": "9d417847-24e4-485b-b465-a331ee347320",
    "data": [
      {
        "text": "it\u0027s",
        "meta": "@sys.ignore",
        "userDefined": true
      },
      {
        "text": " ",
        "userDefined": false
      },
      {
        "text": "great",
        "meta": "@sys.ignore",
        "userDefined": true
      }
    ],
    "isTemplate": false,
    "count": 0,
    "updated": 0
  },
  {
    "id": "306c4522-f49e-4f1b-a395-757f9f1b9bfe",
    "data": [
      {
        "text": "no ",
        "userDefined": false
      },
      {
        "text": "it",
        "meta": "@sys.ignore",
        "userDefined": true
      },
      {
        "text": "\u0027s ",
        "userDefined": false
      },
      {
        "text": "okay",
        "meta": "@sys.ignore",
        "userDefined": true
      }
    ],
    "isTemplate": false,
    "count": 0,
    "updated": 0
  },
  {
    "id": "163d84ac-727b-4c8e-ab6f-40c9ef4d8cf6",
    "data": [
      {
        "text": "it\u0027s amazing",
        "userDefined": false
      }
    ],
    "isTemplate": false,
    "count": 0,
    "updated": 0
  },
  {
    "id": "fbb506bb-6a84-43ab-ba85-2faa9ab54245",
    "data": [
      {
        "text": "that\u0027s ",
        "userDefined": false
      },
      {
        "text": "great",
        "meta": "@sys.ignore",
        "userDefined": true
      }
    ],
    "isTemplate": false,
    "count": 3,
    "updated": 0
  },
  {
    "id": "01bf70d3-0b23-4cad-ba4e-c73965d28bc7",
    "data": [
      {
        "text": "that is wonderful",
        "userDefined": false
      }
    ],
    "isTemplate": false,
    "count": 0,
    "updated": 0
  },
  {
    "id": "5af1ca69-cc53-412d-8795-e6572e7a0fb4",
    "data": [
      {
        "text": "so ",
        "userDefined": false
      },
      {
        "text": "cool",
        "meta": "@sys.ignore",
        "userDefined": false
      }
    ],
    "isTemplate": false,
    "count": 0,
    "updated": 0
  },
  {
    "id": "6addc21d-609e-44cf-91c9-75408565173a",
    "data": [
      {
        "text": "that\u0027s awesome",
        "userDefined": false
      }
    ],
    "isTemplate": false,
    "count": 0,
    "updated": 0
  },
  {
    "id": "9075cf0d-873a-4797-bee7-acf222cd7d9c",
    "data": [
      {
        "text": "that was good",
        "userDefined": false
      }
    ],
    "isTemplate": false,
    "count": 1,
    "updated": 0
  },
  {
    "id": "d20860fd-174b-4813-85bb-4cc643dd9abe",
    "data": [
      {
        "text": "perfect",
        "userDefined": false
      }
    ],
    "isTemplate": false,
    "count": 1,
    "updated": 0
  },
  {
    "id": "c788c57e-35ec-4173-99a0-be32724555a2",
    "data": [
      {
        "text": "good",
        "meta": "@sys.ignore",
        "userDefined": true
      },
      {
        "text": " very ",
        "userDefined": false
      },
      {
        "text": "good",
        "meta": "@sys.ignore",
        "userDefined": true
      }
    ],
    "isTemplate": false,
    "count": 1,
    "updated": 0
  },
  {
    "id": "6c61439b-02b5-41c4-a0bf-61db8ea41da6",
    "data": [
      {
        "text": "Sure",
        "userDefined": false
      }
    ],
    "isTemplate": false,
    "count": 0,
    "updated": 0
  },
  {
    "id": "0f1c1793-18a2-44a4-8b61-e70eff47e218",
    "data": [
      {
        "text": "that\u0027s pretty ",
        "userDefined": false
      },
      {
        "text": "good",
        "meta": "@sys.ignore",
        "userDefined": true
      }
    ],
    "isTemplate": false,
    "count": 0,
    "updated": 0
  },
  {
    "id": "562fa82f-304c-4044-83ac-220530faae0e",
    "data": [
      {
        "text": "that\u0027s sweet ",
        "userDefined": false
      },
      {
        "text": "of",
        "meta": "@sys.ignore",
        "userDefined": true
      },
      {
        "text": " you",
        "userDefined": false
      }
    ],
    "isTemplate": false,
    "count": 1,
    "updated": 0
  },
  {
    "id": "4598513c-7381-4fca-a9a1-e3c58ea11746",
    "data": [
      {
        "text": "oh ",
        "userDefined": false
      },
      {
        "text": "well",
        "meta": "@sys.ignore",
        "userDefined": true
      }
    ],
    "isTemplate": false,
    "count": 0,
    "updated": 0
  },
  {
    "id": "813b8547-ecd5-4633-a464-a7b31a42ddfb",
    "data": [
      {
        "text": "it",
        "meta": "@sys.ignore",
        "userDefined": true
      },
      {
        "text": "\u0027s great",
        "userDefined": false
      }
    ],
    "isTemplate": false,
    "count": 3,
    "updated": 0
  },
  {
    "id": "a8f4b4a8-3e94-4bec-944b-3d8b62007e92",
    "data": [
      {
        "text": "pleasant",
        "userDefined": false
      }
    ],
    "isTemplate": false,
    "count": 0,
    "updated": 0
  },
  {
    "id": "c2795dbf-3230-463e-848b-9040ee37c174",
    "data": [
      {
        "text": "it\u0027s",
        "meta": "@sys.ignore",
        "userDefined": true
      },
      {
        "text": " very good",
        "userDefined": false
      }
    ],
    "isTemplate": false,
    "count": 0,
    "updated": 0
  },
  {
    "id": "c8a5e4c8-7e6a-481d-aafd-cbfa30cddf9a",
    "data": [
      {
        "text": "really ",
        "userDefined": false
      },
      {
        "text": "well",
        "meta": "@sys.ignore",
        "userDefined": true
      }
    ],
    "isTemplate": false,
    "count": 0,
    "updated": 0
  },
  {
    "id": "322be856-f767-45ed-86b2-07c509c9c378",
    "data": [
      {
        "text": "very then",
        "userDefined": false
      }
    ],
    "isTemplate": false,
    "count": 0,
    "updated": 0
  },
  {
    "id": "ed7d33d8-a57a-44e6-b49f-928c7fc1137f",
    "data": [
      {
        "text": "so sweet ",
        "userDefined": false
      },
      {
        "text": "of",
        "meta": "@sys.ignore",
        "userDefined": true
      },
      {
        "text": " you",
        "userDefined": false
      }
    ],
    "isTemplate": false,
    "count": 0,
    "updated": 0
  },
  {
    "id": "bf5b8d24-1a3b-4aa6-8b2f-9a9c91dc9d75",
    "data": [
      {
        "text": "it\u0027s awesome",
        "userDefined": false
      }
    ],
    "isTemplate": false,
    "count": 0,
    "updated": 0
  },
  {
    "id": "d38e5ab8-4aed-49fd-9597-ef0590a6faf9",
    "data": [
      {
        "text": "that\u0027s not ",
        "userDefined": false
      },
      {
        "text": "bad",
        "meta": "@sys.ignore",
        "userDefined": true
      }
    ],
    "isTemplate": false,
    "count": 0,
    "updated": 0
  },
  {
    "id": "06b62a8b-dc3b-46e7-82be-65f35e5b42d0",
    "data": [
      {
        "text": "that is ",
        "userDefined": false
      },
      {
        "text": "nice",
        "meta": "@sys.ignore",
        "userDefined": true
      }
    ],
    "isTemplate": false,
    "count": 0,
    "updated": 0
  },
  {
    "id": "a3adcf2a-e633-41a9-b037-be462934e0f5",
    "data": [
      {
        "text": "that\u0027s awesome ",
        "userDefined": false
      },
      {
        "text": "thank you",
        "meta": "@sys.ignore",
        "userDefined": true
      }
    ],
    "isTemplate": false,
    "count": 0,
    "updated": 0
  },
  {
    "id": "ab77551c-ac46-4cf5-b5a6-15acc700cd7a",
    "data": [
      {
        "text": "okay good",
        "userDefined": false
      }
    ],
    "isTemplate": false,
    "count": 0,
    "updated": 0
  },
  {
    "id": "76e6f883-119c-44b9-9168-c030e8a5226f",
    "data": [
      {
        "text": "that was awesome",
        "userDefined": false
      }
    ],
    "isTemplate": false,
    "count": 0,
    "updated": 0
  },
  {
    "id": "b781d955-d023-4b36-a936-9b2aee0da67c",
    "data": [
      {
        "text": "much better",
        "userDefined": false
      }
    ],
    "isTemplate": false,
    "count": 0,
    "updated": 0
  },
  {
    "id": "fb2a0fdc-b283-4e3a-9552-261d2befff0e",
    "data": [
      {
        "text": "good",
        "meta": "@sys.ignore",
        "userDefined": true
      },
      {
        "text": " for you",
        "userDefined": false
      }
    ],
    "isTemplate": false,
    "count": 0,
    "updated": 0
  },
  {
    "id": "890059cd-e968-44c1-a0a4-2a31f4849bb4",
    "data": [
      {
        "text": "very ",
        "userDefined": false
      },
      {
        "text": "nice",
        "meta": "@sys.ignore",
        "userDefined": true
      }
    ],
    "isTemplate": false,
    "count": 0,
    "updated": 0
  },
  {
    "id": "5db67a28-a640-42af-b7cd-dd86a6d62a9d",
    "data": [
      {
        "text": "that\u0027s fine",
        "userDefined": false
      }
    ],
    "isTemplate": false,
    "count": 0,
    "updated": 0
  },
  {
    "id": "c1f4ec76-5a94-4207-a6d2-0ed95422bc95",
    "data": [
      {
        "text": "it",
        "meta": "@sys.ignore",
        "userDefined": true
      },
      {
        "text": " was ",
        "userDefined": false
      },
      {
        "text": "good",
        "meta": "@sys.ignore",
        "userDefined": true
      }
    ],
    "isTemplate": false,
    "count": 0,
    "updated": 0
  },
  {
    "id": "2d0294bc-18e8-4f8d-a697-92698008f69e",
    "data": [
      {
        "text": "that was amazing",
        "userDefined": false
      }
    ],
    "isTemplate": false,
    "count": 0,
    "updated": 0
  },
  {
    "id": "6ac80369-8722-4fa4-be31-25f09325dae1",
    "data": [
      {
        "text": "amazing",
        "userDefined": false
      }
    ],
    "isTemplate": false,
    "count": 0,
    "updated": 0
  },
  {
    "id": "1d785c4f-b3b0-4ae0-8731-a5e5273ed8b8",
    "data": [
      {
        "text": "that\u0027s great",
        "userDefined": false
      }
    ],
    "isTemplate": false,
    "count": 0,
    "updated": 0
  },
  {
    "id": "a136cc0d-857c-4418-ae93-e05527b7469d",
    "data": [
      {
        "text": "I\u0027m",
        "meta": "@sys.ignore",
        "userDefined": true
      },
      {
        "text": " glad to hear that",
        "userDefined": false
      }
    ],
    "isTemplate": false,
    "count": 0,
    "updated": 0
  },
  {
    "id": "9ea7f517-53f3-46ac-a51c-de8cd4588642",
    "data": [
      {
        "text": "it\u0027s very good",
        "userDefined": false
      }
    ],
    "isTemplate": false,
    "count": 0,
    "updated": 0
  },
  {
    "id": "2ddeb4cf-027c-4179-96ea-d3636f4d6246",
    "data": [
      {
        "text": "so ",
        "userDefined": false
      },
      {
        "text": "nice",
        "meta": "@sys.ignore",
        "userDefined": true
      },
      {
        "text": " ",
        "userDefined": false
      },
      {
        "text": "of",
        "meta": "@sys.ignore",
        "userDefined": true
      },
      {
        "text": " you",
        "userDefined": false
      }
    ],
    "isTemplate": false,
    "count": 0,
    "updated": 0
  },
  {
    "id": "1af1420a-877a-47bf-8ef6-cbf55473afc0",
    "data": [
      {
        "text": "that\u0027s ",
        "userDefined": false
      },
      {
        "text": "nice",
        "meta": "@sys.ignore",
        "userDefined": true
      },
      {
        "text": " ",
        "userDefined": false
      },
      {
        "text": "of",
        "meta": "@sys.ignore",
        "userDefined": true
      },
      {
        "text": " you",
        "userDefined": false
      }
    ],
    "isTemplate": false,
    "count": 0,
    "updated": 0
  },
  {
    "id": "b9a6baa5-ed4c-46c4-86af-31b10382123e",
    "data": [
      {
        "text": "cool",
        "meta": "@sys.ignore",
        "userDefined": false
      }
    ],
    "isTemplate": false,
    "count": 0,
    "updated": 0
  },
  {
    "id": "db8cb34e-0bbf-48fd-b3c9-8baa01cdd803",
    "data": [
      {
        "text": "super",
        "userDefined": false
      }
    ],
    "isTemplate": false,
    "count": 0,
    "updated": 0
  },
  {
    "id": "39bc82dd-8e63-4526-ab86-9b238c499514",
    "data": [
      {
        "text": "that\u0027s perfect",
        "userDefined": false
      }
    ],
    "isTemplate": false,
    "count": 0,
    "updated": 0
  },
  {
    "id": "c52dda61-d92c-416e-a588-53c4244ef0df",
    "data": [
      {
        "text": "excellent",
        "userDefined": false
      }
    ],
    "isTemplate": false,
    "count": 0,
    "updated": 0
  },
  {
    "id": "c83259b9-3a09-454e-b11f-a77018ed5037",
    "data": [
      {
        "text": "terrific",
        "userDefined": false
      }
    ],
    "isTemplate": false,
    "count": 1,
    "updated": 0
  },
  {
    "id": "5749ce5a-9978-412f-923d-5c9a6c589b70",
    "data": [
      {
        "text": "good",
        "meta": "@sys.ignore",
        "userDefined": true
      }
    ],
    "isTemplate": false,
    "count": 1,
    "updated": 0
  },
  {
    "id": "b2f277fc-626c-4d02-988c-4b3459b4ade5",
    "data": [
      {
        "text": "marvelous",
        "userDefined": false
      }
    ],
    "isTemplate": false,
    "count": 0,
    "updated": 0
  },
  {
    "id": "65b9a8dc-aff0-4145-b6ab-d3dc63b434d4",
    "data": [
      {
        "text": "really ",
        "userDefined": false
      },
      {
        "text": "good",
        "meta": "@sys.ignore",
        "userDefined": true
      }
    ],
    "isTemplate": false,
    "count": 1,
    "updated": 0
  },
  {
    "id": "f3470d71-ff91-4537-aa8e-d8aa087f7a8b",
    "data": [
      {
        "text": "that\u0027s amazing",
        "userDefined": false
      }
    ],
    "isTemplate": false,
    "count": 0,
    "updated": 0
  },
  {
    "id": "7c34f938-779f-40ad-ba70-5d3100def486",
    "data": [
      {
        "text": "that\u0027s cute",
        "userDefined": false
      }
    ],
    "isTemplate": false,
    "count": 0,
    "updated": 0
  },
  {
    "id": "2f99ee5d-99c7-4f67-a7fc-28adbbd3d8f7",
    "data": [
      {
        "text": "pretty ",
        "userDefined": false
      },
      {
        "text": "good",
        "meta": "@sys.ignore",
        "userDefined": true
      }
    ],
    "isTemplate": false,
    "count": 0,
    "updated": 0
  },
  {
    "id": "500c7cc4-2f60-40e6-891e-13fc87f6f801",
    "data": [
      {
        "text": "glad to hear that",
        "userDefined": false
      }
    ],
    "isTemplate": false,
    "count": 0,
    "updated": 0
  },
  {
    "id": "9562c801-9d1a-41ee-b9ee-29e41b8cb07b",
    "data": [
      {
        "text": "glad to hear ",
        "userDefined": false
      },
      {
        "text": "it",
        "meta": "@sys.ignore",
        "userDefined": true
      }
    ],
    "isTemplate": false,
    "count": 0,
    "updated": 0
  },
  {
    "id": "80501b17-62ae-4d9e-87f8-781634ce22b9",
    "data": [
      {
        "text": "that was pretty ",
        "userDefined": false
      },
      {
        "text": "good",
        "meta": "@sys.ignore",
        "userDefined": true
      }
    ],
    "isTemplate": false,
    "count": 0,
    "updated": 0
  },
  {
    "id": "905f4c86-15ee-4788-9df2-cd1c19cf1dad",
    "data": [
      {
        "text": "splendid",
        "userDefined": false
      }
    ],
    "isTemplate": false,
    "count": 0,
    "updated": 0
  },
  {
    "id": "63954229-3a52-47ee-a9c2-83f3e77f5893",
    "data": [
      {
        "text": "that\u0027s very ",
        "userDefined": false
      },
      {
        "text": "nice",
        "meta": "@sys.ignore",
        "userDefined": true
      }
    ],
    "isTemplate": false,
    "count": 1,
    "updated": 0
  },
  {
    "id": "99293876-09f7-4732-8a0d-6f4522836419",
    "data": [
      {
        "text": "that was very ",
        "userDefined": false
      },
      {
        "text": "good",
        "meta": "@sys.ignore",
        "userDefined": true
      }
    ],
    "isTemplate": false,
    "count": 0,
    "updated": 0
  },
  {
    "id": "d9973d27-65d7-48b0-b382-e48b2fa8565d",
    "data": [
      {
        "text": "that\u0027s ",
        "userDefined": false
      },
      {
        "text": "fine",
        "meta": "@sys.ignore",
        "userDefined": true
      }
    ],
    "isTemplate": false,
    "count": 0,
    "updated": 0
  },
  {
    "id": "526150a6-5bf4-4136-ae8c-ef550cf0456c",
    "data": [
      {
        "text": "this is awesome",
        "userDefined": false
      }
    ],
    "isTemplate": false,
    "count": 0,
    "updated": 0
  },
  {
    "id": "8f9c6de6-7efb-45f2-97c5-9de2586e20b8",
    "data": [
      {
        "text": "that\u0027s better",
        "userDefined": false
      }
    ],
    "isTemplate": false,
    "count": 0,
    "updated": 0
  },
  {
    "id": "38cb7c19-bb7c-4c2f-9ad5-4f638ec79fae",
    "data": [
      {
        "text": "that\u0027s much better",
        "userDefined": false
      }
    ],
    "isTemplate": false,
    "count": 0,
    "updated": 0
  },
  {
    "id": "cceeba43-93cd-4fd6-bc27-4efc0f0371ad",
    "data": [
      {
        "text": "that\u0027s wonderful",
        "userDefined": false
      }
    ],
    "isTemplate": false,
    "count": 0,
    "updated": 0
  },
  {
    "id": "01fdf2ca-13b9-4e95-b90b-808912687305",
    "data": [
      {
        "text": "it",
        "meta": "@sys.ignore",
        "userDefined": true
      },
      {
        "text": " is ",
        "userDefined": false
      },
      {
        "text": "good",
        "meta": "@sys.ignore",
        "userDefined": true
      }
    ],
    "isTemplate": false,
    "count": 0,
    "updated": 0
  },
  {
    "id": "5237fffe-b52f-49f1-95eb-8926f90fa166",
    "data": [
      {
        "text": "that\u0027s really ",
        "userDefined": false
      },
      {
        "text": "nice",
        "meta": "@sys.ignore",
        "userDefined": true
      }
    ],
    "isTemplate": false,
    "count": 0,
    "updated": 0
  },
  {
    "id": "c5c9691f-37a7-4598-9391-524e62365feb",
    "data": [
      {
        "text": "so ",
        "userDefined": false
      },
      {
        "text": "good",
        "meta": "@sys.ignore",
        "userDefined": true
      }
    ],
    "isTemplate": false,
    "count": 0,
    "updated": 0
  },
  {
    "id": "045c06e5-d567-4847-9910-280209ab8bdd",
    "data": [
      {
        "text": "that\u0027s very ",
        "userDefined": false
      },
      {
        "text": "good",
        "meta": "@sys.ignore",
        "userDefined": true
      }
    ],
    "isTemplate": false,
    "count": 2,
    "updated": 0
  },
  {
    "id": "610cbfb7-c0d4-443c-abf9-53d01ee12918",
    "data": [
      {
        "text": "that\u0027s very ",
        "userDefined": false
      },
      {
        "text": "nice",
        "meta": "@sys.ignore",
        "userDefined": true
      },
      {
        "text": " ",
        "userDefined": false
      },
      {
        "text": "of",
        "meta": "@sys.ignore",
        "userDefined": true
      },
      {
        "text": " you",
        "userDefined": false
      }
    ],
    "isTemplate": false,
    "count": 0,
    "updated": 0
  },
  {
    "id": "c9529a61-6a9f-43ad-afea-f13dcd7bb753",
    "data": [
      {
        "text": "it\u0027s fine",
        "userDefined": false
      }
    ],
    "isTemplate": false,
    "count": 0,
    "updated": 0
  },
  {
    "id": "5a8a315a-7a06-474d-92c3-32d67dfcb75a",
    "data": [
      {
        "text": "this is ",
        "userDefined": false
      },
      {
        "text": "good",
        "meta": "@sys.ignore",
        "userDefined": true
      }
    ],
    "isTemplate": false,
    "count": 0,
    "updated": 0
  },
  {
    "id": "47261dc9-318f-4e34-b721-640685609c07",
    "data": [
      {
        "text": "that\u0027s a ",
        "userDefined": false
      },
      {
        "text": "good",
        "meta": "@sys.ignore",
        "userDefined": true
      },
      {
        "text": " idea",
        "userDefined": false
      }
    ],
    "isTemplate": false,
    "count": 0,
    "updated": 0
  }
]