[
  {
    "id": "19af1067-73b7-4fea-b1c9-0de5f978b2f4",
    "data": [
      {
        "text": "I\u0027m listening",
        "userDefined": false
      }
    ],
    "isTemplate": false,
    "count": 0,
    "updated": 1540299725
  },
  {
    "id": "23143607-5c2d-411f-a7bf-4e1b2f02c577",
    "data": [
      {
        "text": "hmmm interested",
        "userDefined": false
      }
    ],
    "isTemplate": false,
    "count": 0,
    "updated": 1540299725
  },
  {
    "id": "4f3527a0-3ea1-4ac0-a25e-131fabf50659",
    "data": [
      {
        "text": "that\u0027s interesting",
        "userDefined": false
      }
    ],
    "isTemplate": false,
    "count": 0,
    "updated": 1540299725
  },
  {
    "id": "e361371a-f915-4606-8d10-f8af51ad184f",
    "data": [
      {
        "text": "hmmm sounds interesting",
        "userDefined": false
      }
    ],
    "isTemplate": false,
    "count": 0,
    "updated": 1540299725
  },
  {
    "id": "2437a405-022c-4115-b714-a89a29854d92",
    "data": [
      {
        "text": "very interested",
        "userDefined": false
      }
    ],
    "isTemplate": false,
    "count": 0,
    "updated": 1540299725
  },
  {
    "id": "d62fb4ba-6f07-4f40-a360-3c8023ffdb7b",
    "data": [
      {
        "text": "I want to learn more",
        "userDefined": false
      }
    ],
    "isTemplate": false,
    "count": 0,
    "updated": 1540299725
  },
  {
    "id": "aa640b6d-ef6f-436f-b62c-bd2407f6a9ce",
    "data": [
      {
        "text": "interested to learn more",
        "userDefined": false
      }
    ],
    "isTemplate": false,
    "count": 0,
    "updated": 1540299725
  },
  {
    "id": "9bf4da5b-f7f7-4c61-9d3f-91747ab25597",
    "data": [
      {
        "text": "interested to hear more",
        "userDefined": false
      }
    ],
    "isTemplate": false,
    "count": 0,
    "updated": 1540299725
  },
  {
    "id": "e8282fa9-8b8d-4459-984a-1aa796d82692",
    "data": [
      {
        "text": "I\u0027m interested",
        "userDefined": false
      }
    ],
    "isTemplate": false,
    "count": 0,
    "updated": 1540299725
  },
  {
    "id": "35d17188-df12-4d39-bb24-d2cd89513a2a",
    "data": [
      {
        "text": "I\u0027m just looking",
        "userDefined": false
      }
    ],
    "isTemplate": false,
    "count": 0,
    "updated": 1540299725
  },
  {
    "id": "858373fa-5972-4c81-a580-4d39ab3efcf3",
    "data": [
      {
        "text": "I\u0027m just checking it out",
        "userDefined": false
      }
    ],
    "isTemplate": false,
    "count": 0,
    "updated": 1537490840
  },
  {
    "id": "b61684f5-d4e5-4b2e-b14b-89a6089d5687",
    "data": [
      {
        "text": "checking out ",
        "userDefined": false
      },
      {
        "text": "the bot",
        "meta": "@sys.ignore",
        "userDefined": false
      }
    ],
    "isTemplate": false,
    "count": 0,
    "updated": 1540299725
  },
  {
    "id": "eacbd269-4df0-4a40-a76e-28fe1834d1b6",
    "data": [
      {
        "text": "checking things out",
        "userDefined": false
      }
    ],
    "isTemplate": false,
    "count": 0,
    "updated": 1537417077
  },
  {
    "id": "893be551-0c03-4000-a419-3497874f3996",
    "data": [
      {
        "text": "Just trying this out",
        "userDefined": false
      }
    ],
    "isTemplate": false,
    "count": 0,
    "updated": 1527402810
  },
  {
    "id": "f0e63f0c-2064-4262-822d-bf0ebbf24463",
    "data": [
      {
        "text": "just checking it out",
        "userDefined": false
      }
    ],
    "isTemplate": false,
    "count": 0,
    "updated": 1527402810
  },
  {
    "id": "4339b40e-e6eb-42bb-be80-2ba203bc408c",
    "data": [
      {
        "text": "Just checking this out",
        "userDefined": false
      }
    ],
    "isTemplate": false,
    "count": 0,
    "updated": 1527402810
  },
  {
    "id": "d08769dd-dcaf-4f7d-a638-45b919935388",
    "data": [
      {
        "text": "Checking it out. Thanks",
        "userDefined": false
      }
    ],
    "isTemplate": false,
    "count": 0,
    "updated": 1527402810
  },
  {
    "id": "d88cee1d-0026-479c-a05b-60f854b2e18c",
    "data": [
      {
        "text": "Just browsing",
        "userDefined": false
      }
    ],
    "isTemplate": false,
    "count": 0,
    "updated": 1527402810
  },
  {
    "id": "6cf08b9c-ffee-46f0-ae5d-f874a21e2e6f",
    "data": [
      {
        "text": "Just seeing how this works",
        "userDefined": false
      }
    ],
    "isTemplate": false,
    "count": 0,
    "updated": 1527402810
  }
]