[
  {
    "id": "29f208fc-91ed-474c-a51e-cbc3ab5e2139",
    "data": [
      {
        "text": "Are ",
        "userDefined": false
      },
      {
        "text": "you",
        "meta": "@sys.ignore",
        "userDefined": false
      },
      {
        "text": " available for work?",
        "userDefined": false
      }
    ],
    "isTemplate": false,
    "count": 0,
    "updated": 1537451511
  },
  {
    "id": "fe948cf3-3dcc-4922-b7b6-108bc3628e86",
    "data": [
      {
        "text": "Are ",
        "userDefined": false
      },
      {
        "text": "you",
        "meta": "@sys.ignore",
        "userDefined": false
      },
      {
        "text": " for hire?",
        "userDefined": false
      }
    ],
    "isTemplate": false,
    "count": 0,
    "updated": 1537451511
  },
  {
    "id": "f053813e-ffcb-4213-a21c-88fa7df61848",
    "data": [
      {
        "text": "I need help building my bot",
        "userDefined": false
      }
    ],
    "isTemplate": false,
    "count": 0,
    "updated": 1537451511
  },
  {
    "id": "45f5983f-477b-491c-8e02-8e3fe00e4384",
    "data": [
      {
        "text": "I need a bot",
        "userDefined": false
      }
    ],
    "isTemplate": false,
    "count": 0,
    "updated": 1537451511
  },
  {
    "id": "b44498e9-02db-4918-9c47-fadb89f621ff",
    "data": [
      {
        "text": "I need help with my bot",
        "userDefined": false
      }
    ],
    "isTemplate": false,
    "count": 0,
    "updated": 1537451511
  },
  {
    "id": "4cb340ea-c08c-4b8c-9dab-47b687e22e36",
    "data": [
      {
        "text": "Will you build my bot?",
        "userDefined": false
      }
    ],
    "isTemplate": false,
    "count": 0,
    "updated": 1537451511
  },
  {
    "id": "fd9c3416-f4fd-433d-b17b-6e64a4083d65",
    "data": [
      {
        "text": "I want to hire you",
        "userDefined": false
      }
    ],
    "isTemplate": false,
    "count": 0,
    "updated": 1537451511
  },
  {
    "id": "a38a81a7-6c83-414f-8bf7-ccae9b45c192",
    "data": [
      {
        "text": "Can you help me build my bot",
        "userDefined": false
      }
    ],
    "isTemplate": false,
    "count": 0,
    "updated": 1537451511
  },
  {
    "id": "63493338-9b93-4ceb-85e3-fef4c2fffe64",
    "data": [
      {
        "text": "Can I hire you?",
        "userDefined": false
      }
    ],
    "isTemplate": false,
    "count": 0,
    "updated": 1537451511
  }
]