[
  {
    "id": "cce4e0c7-0ba6-4edf-8599-16ce23be9edb",
    "data": [
      {
        "text": "please stop this now",
        "userDefined": false
      }
    ],
    "isTemplate": false,
    "count": 0,
    "updated": 1540293325
  },
  {
    "id": "23ad0ec8-889f-48e6-bc55-ce798f993b56",
    "data": [
      {
        "text": "enough please",
        "userDefined": false
      }
    ],
    "isTemplate": false,
    "count": 0,
    "updated": 1540293325
  },
  {
    "id": "260a11de-34e9-4890-8909-c3d1e8ef6849",
    "data": [
      {
        "text": "stop this now",
        "userDefined": false
      }
    ],
    "isTemplate": false,
    "count": 0,
    "updated": 1540293325
  },
  {
    "id": "9d84078c-9a89-4553-9bc2-f750ca9f5b83",
    "data": [
      {
        "text": "stop doing that",
        "userDefined": false
      }
    ],
    "isTemplate": false,
    "count": 0,
    "updated": 1540293325
  },
  {
    "id": "8acf375c-a509-45ba-99e7-e14d5ff40fcb",
    "data": [
      {
        "text": "please stop this",
        "userDefined": false
      }
    ],
    "isTemplate": false,
    "count": 0,
    "updated": 1540293325
  },
  {
    "id": "1b827c1f-7e45-4be6-87f3-76230f2944ca",
    "data": [
      {
        "text": "No, thanks",
        "userDefined": false
      }
    ],
    "isTemplate": false,
    "count": 0,
    "updated": 1540293325
  },
  {
    "id": "9040c395-857f-4a1a-af06-2d897fabd9e2",
    "data": [
      {
        "text": "now you\u0027re fired",
        "userDefined": false
      }
    ],
    "isTemplate": false,
    "count": 0,
    "updated": 1540293325
  },
  {
    "id": "e49d6638-f5be-4fc6-880f-f594867b012c",
    "data": [
      {
        "text": "I will fire ",
        "userDefined": false
      },
      {
        "text": "you",
        "meta": "@sys.ignore",
        "userDefined": false
      }
    ],
    "isTemplate": false,
    "count": 0,
    "updated": 1540293325
  },
  {
    "id": "fef2b844-9c26-445c-b150-ccfdbbf1ab00",
    "data": [
      {
        "text": "you are fired",
        "userDefined": false
      }
    ],
    "isTemplate": false,
    "count": 0,
    "updated": 1540293325
  },
  {
    "id": "9a22e9c7-270f-45bf-b671-852a0e97a7a5",
    "data": [
      {
        "text": "you",
        "meta": "@sys.ignore",
        "userDefined": false
      },
      {
        "text": " should be fired",
        "userDefined": false
      }
    ],
    "isTemplate": false,
    "count": 0,
    "updated": 1540293325
  },
  {
    "id": "4e3ed6c2-5627-4f38-9bcc-75bbfdf4f777",
    "data": [
      {
        "text": "we\u0027re done",
        "userDefined": false
      }
    ],
    "isTemplate": false,
    "count": 0,
    "updated": 1537463507
  },
  {
    "id": "2994072a-e77b-45ca-9d74-c198b886ea2a",
    "data": [
      {
        "text": "I\u0027m done here",
        "userDefined": false
      }
    ],
    "isTemplate": false,
    "count": 1,
    "updated": 1537463507
  },
  {
    "id": "81a5f7a6-2a71-4031-9938-50e746e17606",
    "data": [
      {
        "text": "I\u0027m finished here",
        "userDefined": false
      }
    ],
    "isTemplate": false,
    "count": 1,
    "updated": 1537463507
  },
  {
    "id": "002fdbb0-946e-4c08-b759-b42bce826dfd",
    "data": [
      {
        "text": "I\u0027m finished with ",
        "userDefined": false
      },
      {
        "text": "you",
        "meta": "@sys.ignore",
        "userDefined": false
      }
    ],
    "isTemplate": false,
    "count": 0,
    "updated": 1540293325
  },
  {
    "id": "c2ec654b-1f16-4e69-a4dc-3a55df993688",
    "data": [
      {
        "text": "It\u0027s over",
        "userDefined": false
      }
    ],
    "isTemplate": false,
    "count": 0,
    "updated": 1537463507
  },
  {
    "id": "4b0098ab-5746-4d47-a4c1-9834d563e3e9",
    "data": [
      {
        "text": "I want to fire ",
        "userDefined": false
      },
      {
        "text": "you",
        "meta": "@sys.ignore",
        "userDefined": false
      }
    ],
    "isTemplate": false,
    "count": 0,
    "updated": 1537463507
  },
  {
    "id": "2eedf9c5-3017-4427-b770-97c044ea4de2",
    "data": [
      {
        "text": "I\u0027m firing ",
        "userDefined": false
      },
      {
        "text": "you",
        "meta": "@sys.ignore",
        "userDefined": false
      }
    ],
    "isTemplate": false,
    "count": 0,
    "updated": 1537463507
  },
  {
    "id": "22f1e0b5-7287-466f-a8d9-fc7c8407187f",
    "data": [
      {
        "text": "you are dismissed",
        "userDefined": false
      }
    ],
    "isTemplate": false,
    "count": 0,
    "updated": 1537463507
  },
  {
    "id": "44138824-c2b7-436e-8223-af1ba82bc0ad",
    "data": [
      {
        "text": "time to fire ",
        "userDefined": false
      },
      {
        "text": "you",
        "meta": "@sys.ignore",
        "userDefined": false
      }
    ],
    "isTemplate": false,
    "count": 0,
    "updated": 1537463507
  },
  {
    "id": "7a6e27d1-9eb6-49ed-839a-770530c1cac6",
    "data": [
      {
        "text": "you\u0027re fired",
        "userDefined": false
      }
    ],
    "isTemplate": false,
    "count": 0,
    "updated": 1537463507
  },
  {
    "id": "fce72ddf-8172-4e4d-9ce3-37ecd0c36363",
    "data": [
      {
        "text": "you\u0027ve been terminated",
        "userDefined": false
      }
    ],
    "isTemplate": false,
    "count": 0,
    "updated": 1537463507
  },
  {
    "id": "2f08e511-a368-42bc-8ba5-424310ea9697",
    "data": [
      {
        "text": "stop bugging me",
        "userDefined": false
      }
    ],
    "isTemplate": false,
    "count": 0,
    "updated": 1537450433
  },
  {
    "id": "fc3e5f40-3e7a-45b0-a827-13558295077a",
    "data": [
      {
        "text": "leave me alone",
        "userDefined": false
      }
    ],
    "isTemplate": false,
    "count": 0,
    "updated": 1537450433
  },
  {
    "id": "fb233d11-5db8-424f-9167-3f8442cbc908",
    "data": [
      {
        "text": "I have no time",
        "userDefined": false
      }
    ],
    "isTemplate": false,
    "count": 0,
    "updated": 1537450433
  },
  {
    "id": "dd3e6cb2-8919-47ff-b98a-7f9d7c1459b3",
    "data": [
      {
        "text": "I\u0027m working",
        "userDefined": false
      }
    ],
    "isTemplate": false,
    "count": 0,
    "updated": 1537450433
  },
  {
    "id": "903e1729-d907-46db-aefc-6932540be74d",
    "data": [
      {
        "text": "I don\u0027t have time for this",
        "userDefined": false
      }
    ],
    "isTemplate": false,
    "count": 0,
    "updated": 1537450433
  },
  {
    "id": "64b46b35-4cb8-400d-9f05-b09c53ff70db",
    "data": [
      {
        "text": "I got work to do",
        "userDefined": false
      }
    ],
    "isTemplate": false,
    "count": 0,
    "updated": 1537450433
  },
  {
    "id": "8eccb314-9099-4927-ad93-fcfe9f79b3d4",
    "data": [
      {
        "text": "I\u0027m busy",
        "userDefined": false
      }
    ],
    "isTemplate": false,
    "count": 0,
    "updated": 1537450433
  },
  {
    "id": "8a60533b-9785-46c6-865d-4f3bdda71fdd",
    "data": [
      {
        "text": "I\u0027m swamped",
        "userDefined": false
      }
    ],
    "isTemplate": false,
    "count": 0,
    "updated": 1537450433
  },
  {
    "id": "e5b08b12-8a7b-4b61-a6da-2ffce3c3e7dd",
    "data": [
      {
        "text": "I got things to do",
        "userDefined": false
      }
    ],
    "isTemplate": false,
    "count": 0,
    "updated": 1537450433
  },
  {
    "id": "0df81e18-825a-4090-9a4b-91d6684d7c72",
    "data": [
      {
        "text": "I\u0027m overloaded",
        "userDefined": false
      }
    ],
    "isTemplate": false,
    "count": 0,
    "updated": 1537450433
  },
  {
    "id": "5e74f93f-4124-4924-819d-c68becd35205",
    "data": [
      {
        "text": "stop immediately",
        "userDefined": false
      }
    ],
    "isTemplate": false,
    "count": 0,
    "updated": 1537431460
  },
  {
    "id": "7760505f-7174-4ed3-a2f2-329b7f4ac233",
    "data": [
      {
        "text": "you",
        "meta": "@sys.ignore",
        "userDefined": false
      },
      {
        "text": " need to stop",
        "userDefined": false
      }
    ],
    "isTemplate": false,
    "count": 0,
    "updated": 1537431460
  },
  {
    "id": "2a825041-46dc-4561-8470-ffa3ef95e664",
    "data": [
      {
        "text": "Can you stop?",
        "userDefined": false
      }
    ],
    "isTemplate": false,
    "count": 0,
    "updated": 1537431460
  },
  {
    "id": "9ba051cb-35d2-4d9a-98a4-54edf313d6a2",
    "data": [
      {
        "text": "How do ",
        "userDefined": false
      },
      {
        "text": "you",
        "meta": "@sys.ignore",
        "userDefined": false
      },
      {
        "text": " stop?",
        "userDefined": false
      }
    ],
    "isTemplate": false,
    "count": 0,
    "updated": 1537431460
  },
  {
    "id": "9ebab46e-91e4-4759-b8f8-a5450b051ac6",
    "data": [
      {
        "text": "quit",
        "userDefined": false
      }
    ],
    "isTemplate": false,
    "count": 0,
    "updated": 1537431460
  },
  {
    "id": "1218dd93-98ba-4115-aed7-a23ee10e703f",
    "data": [
      {
        "text": "please stop messaging me",
        "userDefined": false
      }
    ],
    "isTemplate": false,
    "count": 0,
    "updated": 1537431460
  },
  {
    "id": "b10586b6-7709-4d99-aabe-97419a3a42ea",
    "data": [
      {
        "text": "please don\u0027t message",
        "userDefined": false
      }
    ],
    "isTemplate": false,
    "count": 0,
    "updated": 1537431460
  },
  {
    "id": "032be313-446f-4198-b3dd-e50f902444af",
    "data": [
      {
        "text": "don\u0027t message me",
        "userDefined": false
      }
    ],
    "isTemplate": false,
    "count": 0,
    "updated": 1537431460
  },
  {
    "id": "02f2169e-1fa3-4e4b-bc40-9748ae6afcfd",
    "data": [
      {
        "text": "I don\u0027t want to ",
        "userDefined": false
      },
      {
        "text": "chat",
        "meta": "@sys.ignore",
        "userDefined": false
      }
    ],
    "isTemplate": false,
    "count": 0,
    "updated": 1537431460
  },
  {
    "id": "5cd9dac4-e53d-4352-b473-bee3c30c1397",
    "data": [
      {
        "text": "Stop sending me messages immediately",
        "userDefined": false
      }
    ],
    "isTemplate": false,
    "count": 1,
    "updated": 1537431460
  },
  {
    "id": "1aaf0f3d-8fb2-460f-9c77-64b4a5aa9fd2",
    "data": [
      {
        "text": "No messages please",
        "userDefined": false
      }
    ],
    "isTemplate": false,
    "count": 1,
    "updated": 1537431460
  },
  {
    "id": "363a51e4-8bd3-499d-b046-9fcff11be9d3",
    "data": [
      {
        "text": "stop sending me messages now",
        "userDefined": false
      }
    ],
    "isTemplate": false,
    "count": 0,
    "updated": 1537431460
  },
  {
    "id": "2be90074-16bc-4339-87d3-2494847a51dd",
    "data": [
      {
        "text": "why do ",
        "userDefined": false
      },
      {
        "text": "you",
        "meta": "@sys.ignore",
        "userDefined": false
      },
      {
        "text": " keep sending me messages",
        "userDefined": false
      }
    ],
    "isTemplate": false,
    "count": 0,
    "updated": 1537431460
  },
  {
    "id": "103932ee-451e-4551-b157-69afb6331b52",
    "data": [
      {
        "text": "stop sending me messages",
        "userDefined": false
      }
    ],
    "isTemplate": false,
    "count": 0,
    "updated": 1537431460
  },
  {
    "id": "bcdd9370-ba84-4f69-9b90-5a30e6db4412",
    "data": [
      {
        "text": "please stop",
        "userDefined": false
      }
    ],
    "isTemplate": false,
    "count": 0,
    "updated": 1537431460
  },
  {
    "id": "ba99ebd2-5fc9-4c0e-a4ed-c856a4c22220",
    "data": [
      {
        "text": "stop this",
        "userDefined": false
      }
    ],
    "isTemplate": false,
    "count": 0,
    "updated": 1537431460
  },
  {
    "id": "64e8143d-826a-43a1-afd7-27358c809e3e",
    "data": [
      {
        "text": "stop",
        "userDefined": false
      }
    ],
    "isTemplate": false,
    "count": 2,
    "updated": 1537431460
  },
  {
    "id": "92759ec0-ec24-4592-8026-bc8be1c90737",
    "data": [
      {
        "text": "Cancel",
        "userDefined": false
      }
    ],
    "isTemplate": false,
    "count": 0,
    "updated": 1537431460
  },
  {
    "id": "99b82025-a82a-4ebe-8f30-46f0003d82cb",
    "data": [
      {
        "text": "Stop it",
        "userDefined": false
      }
    ],
    "isTemplate": false,
    "count": 0,
    "updated": 1537431460
  },
  {
    "id": "caa2332b-3679-4abd-a48c-f1e6bc9d7397",
    "data": [
      {
        "text": "done",
        "userDefined": false
      }
    ],
    "isTemplate": false,
    "count": 0,
    "updated": 1537431460
  }
]