[
  {
    "id": "017fd591-0076-4ca1-b385-f85cad9e6cff",
    "data": [
      {
        "text": "no hurry",
        "userDefined": false
      }
    ],
    "isTemplate": false,
    "count": 0,
    "updated": 1540301187
  },
  {
    "id": "da5afdb4-4b5d-4ab6-b01f-a8fa55b469a3",
    "data": [
      {
        "text": "no rush",
        "userDefined": false
      }
    ],
    "isTemplate": false,
    "count": 0,
    "updated": 1540301187
  },
  {
    "id": "6faf67e0-338e-48f4-a819-3feb8f657893",
    "data": [
      {
        "text": "No big deal",
        "userDefined": false
      }
    ],
    "isTemplate": false,
    "count": 0,
    "updated": 1540301187
  },
  {
    "id": "363a9bf2-4960-47f9-851e-84639c13b39b",
    "data": [
      {
        "text": "don\u0027t mind at all",
        "userDefined": false
      }
    ],
    "isTemplate": false,
    "count": 0,
    "updated": 1540301187
  },
  {
    "id": "db7c15a0-22d8-443e-b718-5721e5e9049a",
    "data": [
      {
        "text": "don\u0027t mind",
        "userDefined": false
      }
    ],
    "isTemplate": false,
    "count": 0,
    "updated": 1540301187
  },
  {
    "id": "b507d7a8-c14e-4f55-9fd5-80d07856d519",
    "data": [
      {
        "text": "I don\u0027t care at all",
        "userDefined": false
      }
    ],
    "isTemplate": false,
    "count": 0,
    "updated": 1540301187
  },
  {
    "id": "d4f4bc26-1b74-4577-890e-b5aaa9353705",
    "data": [
      {
        "text": "whatever",
        "userDefined": false
      }
    ],
    "isTemplate": false,
    "count": 0,
    "updated": 1540301187
  },
  {
    "id": "3c087d2a-a7cc-4002-b61a-701418ea7f2f",
    "data": [
      {
        "text": "I don\u0027t care",
        "userDefined": false
      }
    ],
    "isTemplate": false,
    "count": 0,
    "updated": 1540301187
  },
  {
    "id": "6e6a7dc8-c0dc-45f9-b2dd-dfdd94646b12",
    "data": [
      {
        "text": "I do not care",
        "userDefined": false
      }
    ],
    "isTemplate": false,
    "count": 0,
    "updated": 1540301187
  },
  {
    "id": "7c78c2ca-4868-4eb9-8acf-d28c6dd379e9",
    "data": [
      {
        "text": "I don\u0027t care about it",
        "userDefined": false
      }
    ],
    "isTemplate": false,
    "count": 0,
    "updated": 1540301187
  },
  {
    "id": "7042cfe1-c8b8-4852-8f4f-2e9a86da9b4b",
    "data": [
      {
        "text": "not caring",
        "userDefined": false
      }
    ],
    "isTemplate": false,
    "count": 0,
    "updated": 1540301187
  }
]