[
  {
    "id": "525ec68a-87d0-41bd-82e2-318e92e4b0c5",
    "data": [
      {
        "text": "what\u0027s ",
        "userDefined": false
      },
      {
        "text": "your",
        "meta": "@sys.ignore",
        "userDefined": false
      },
      {
        "text": " name",
        "userDefined": false
      }
    ],
    "isTemplate": false,
    "count": 1,
    "updated": 1540293173
  },
  {
    "id": "2f7fa939-d79e-408a-bfb2-87886956beba",
    "data": [
      {
        "text": "do I know ",
        "userDefined": false
      },
      {
        "text": "you",
        "meta": "@sys.ignore",
        "userDefined": false
      }
    ],
    "isTemplate": false,
    "count": 0,
    "updated": 1540293173
  },
  {
    "id": "014e0788-0f46-4e3d-ab2d-b52a0b172f0c",
    "data": [
      {
        "text": "what are ",
        "userDefined": false
      },
      {
        "text": "you",
        "meta": "@sys.ignore",
        "userDefined": false
      },
      {
        "text": "?",
        "userDefined": false
      }
    ],
    "isTemplate": false,
    "count": 0,
    "updated": 1540293173
  },
  {
    "id": "5e473846-7f13-45ee-9019-74f6a57ffeb3",
    "data": [
      {
        "text": "who is your developer?",
        "userDefined": false
      }
    ],
    "isTemplate": false,
    "count": 1,
    "updated": 1540293173
  },
  {
    "id": "688ed060-9b29-4bcc-8a4e-e03c18118e64",
    "data": [
      {
        "text": "who is your bot maker?",
        "userDefined": false
      }
    ],
    "isTemplate": false,
    "count": 0,
    "updated": 1540293173
  },
  {
    "id": "18a8f89d-b397-4486-af52-d6d6dbb04e7c",
    "data": [
      {
        "text": "who developed you?",
        "userDefined": false
      }
    ],
    "isTemplate": false,
    "count": 0,
    "updated": 1540293173
  },
  {
    "id": "8aace081-f350-4f17-94e6-46f50d81e0cb",
    "data": [
      {
        "text": "which bot platform were you built with?",
        "userDefined": false
      }
    ],
    "isTemplate": false,
    "count": 0,
    "updated": 1540293173
  },
  {
    "id": "e6a3882b-7089-4fbb-a232-9faa98b808af",
    "data": [
      {
        "text": "what bot platform?",
        "userDefined": false
      }
    ],
    "isTemplate": false,
    "count": 0,
    "updated": 1540293173
  },
  {
    "id": "78158aac-4f3e-455d-ad22-b2415e1f991f",
    "data": [
      {
        "text": "what agency made you?",
        "userDefined": false
      }
    ],
    "isTemplate": false,
    "count": 0,
    "updated": 1540293173
  },
  {
    "id": "7afa664e-f7ac-49f9-8dd6-45ae2743ee76",
    "data": [
      {
        "text": "who built ",
        "userDefined": false
      },
      {
        "text": "you",
        "meta": "@sys.ignore",
        "userDefined": false
      },
      {
        "text": "?",
        "userDefined": false
      }
    ],
    "isTemplate": false,
    "count": 0,
    "updated": 1540293173
  },
  {
    "id": "cac8882b-4b06-46c6-8570-2c082dd76650",
    "data": [
      {
        "text": "who made ",
        "userDefined": false
      },
      {
        "text": "you",
        "meta": "@sys.ignore",
        "userDefined": true
      },
      {
        "text": "?",
        "userDefined": false
      }
    ],
    "isTemplate": false,
    "count": 0,
    "updated": 1540293173
  },
  {
    "id": "a763ab56-ab52-47a9-a873-50c48e9ae216",
    "data": [
      {
        "text": "who are ",
        "userDefined": false
      },
      {
        "text": "your",
        "meta": "@sys.ignore",
        "userDefined": false
      },
      {
        "text": " creators?",
        "userDefined": false
      }
    ],
    "isTemplate": false,
    "count": 0,
    "updated": 1540293173
  },
  {
    "id": "9180bcf5-2e12-48d8-a9fe-3af576dc72a1",
    "data": [
      {
        "text": "Who created ",
        "userDefined": false
      },
      {
        "text": "you",
        "meta": "@sys.ignore",
        "userDefined": true
      },
      {
        "text": "?",
        "userDefined": false
      }
    ],
    "isTemplate": false,
    "count": 0,
    "updated": 1540293173
  },
  {
    "id": "9be3263d-9f5d-44aa-afbf-bbffa7bf6aa8",
    "data": [
      {
        "text": "who are you?",
        "userDefined": false
      }
    ],
    "isTemplate": false,
    "count": 1,
    "updated": 1537950644
  },
  {
    "id": "935326e3-8671-4ecf-ae66-4b8e664769df",
    "data": [
      {
        "text": "I should be ",
        "userDefined": false
      },
      {
        "text": "your",
        "meta": "@sys.ignore",
        "userDefined": false
      },
      {
        "text": " boss",
        "userDefined": false
      }
    ],
    "isTemplate": false,
    "count": 0,
    "updated": 1537950644
  },
  {
    "id": "8e5f5731-a181-4ae7-b214-a6c540890f35",
    "data": [
      {
        "text": "who is ",
        "userDefined": false
      },
      {
        "text": "your",
        "meta": "@sys.ignore",
        "userDefined": false
      },
      {
        "text": " owner",
        "userDefined": false
      }
    ],
    "isTemplate": false,
    "count": 0,
    "updated": 1537950644
  },
  {
    "id": "511ba010-bf4f-4f47-86b1-571e4c78d8ae",
    "data": [
      {
        "text": "who",
        "meta": "@sys.ignore",
        "userDefined": true
      },
      {
        "text": " is the boss",
        "userDefined": false
      }
    ],
    "isTemplate": false,
    "count": 0,
    "updated": 1537950644
  },
  {
    "id": "defec0cc-4c04-435c-a20b-17ade2838727",
    "data": [
      {
        "text": "who do you ",
        "userDefined": false
      },
      {
        "text": "work",
        "meta": "@sys.ignore",
        "userDefined": false
      },
      {
        "text": " for",
        "userDefined": false
      }
    ],
    "isTemplate": false,
    "count": 0,
    "updated": 1537950644
  },
  {
    "id": "5ea8a797-50da-4bc9-8453-6cda75a6bcbc",
    "data": [
      {
        "text": "who is ",
        "userDefined": false
      },
      {
        "text": "your",
        "meta": "@sys.ignore",
        "userDefined": false
      },
      {
        "text": " boss",
        "userDefined": false
      }
    ],
    "isTemplate": false,
    "count": 0,
    "updated": 1537950644
  },
  {
    "id": "b77e5cd5-ee0b-4f30-8273-fb6553a3e8b1",
    "data": [
      {
        "text": "who is ",
        "userDefined": false
      },
      {
        "text": "your",
        "meta": "@sys.ignore",
        "userDefined": false
      },
      {
        "text": " master",
        "userDefined": false
      }
    ],
    "isTemplate": false,
    "count": 0,
    "updated": 1537950644
  }
]