[
  {
    "id": "17a6051c-5936-440f-b13f-2a5d6d6175cf",
    "data": [
      {
        "text": "👋",
        "userDefined": false
      }
    ],
    "isTemplate": false,
    "count": 0,
    "updated": 1540456979
  },
  {
    "id": "4da28efb-44e1-4f14-a144-529c94ef5578",
    "data": [
      {
        "text": "re-start",
        "userDefined": false
      }
    ],
    "isTemplate": false,
    "count": 0,
    "updated": 1540292057
  },
  {
    "id": "00278329-0c5a-42fa-a155-66f2349ba064",
    "data": [
      {
        "text": "main menu",
        "userDefined": false
      }
    ],
    "isTemplate": false,
    "count": 0,
    "updated": 1540292057
  },
  {
    "id": "81ac799f-c6f9-40e7-b051-5b9293953d84",
    "data": [
      {
        "text": "start over",
        "userDefined": false
      }
    ],
    "isTemplate": false,
    "count": 0,
    "updated": 1540292057
  },
  {
    "id": "8e26dc2f-4e23-4994-924b-147b15600ae0",
    "data": [
      {
        "text": "restart bot",
        "meta": "@sys.ignore",
        "userDefined": false
      }
    ],
    "isTemplate": false,
    "count": 0,
    "updated": 1537647883
  },
  {
    "id": "e7d08752-c554-4a2f-954f-57081b9873b5",
    "data": [
      {
        "text": "how do I start over",
        "userDefined": false
      }
    ],
    "isTemplate": false,
    "count": 0,
    "updated": 1540292057
  },
  {
    "id": "888b341a-0952-435e-b970-2810e91e4a19",
    "data": [
      {
        "text": "can we start over?",
        "userDefined": false
      }
    ],
    "isTemplate": false,
    "count": 0,
    "updated": 1540292057
  },
  {
    "id": "8f6c3d74-a56a-415a-bca5-f68adda10254",
    "data": [
      {
        "text": "I want to start over",
        "userDefined": false
      }
    ],
    "isTemplate": false,
    "count": 0,
    "updated": 1540292057
  },
  {
    "id": "0142516b-aa2d-41b2-a28d-ceb2c19562d9",
    "data": [
      {
        "text": "let\u0027s start over",
        "userDefined": false
      }
    ],
    "isTemplate": false,
    "count": 0,
    "updated": 1540292057
  },
  {
    "id": "956df50f-eb4a-4a3c-8cbe-c2a91df8385a",
    "data": [
      {
        "text": "start again",
        "userDefined": false
      }
    ],
    "isTemplate": false,
    "count": 0,
    "updated": 1540292057
  },
  {
    "id": "e4207a25-bc02-4e87-b536-535152da85c5",
    "data": [
      {
        "text": "back to start",
        "userDefined": false
      }
    ],
    "isTemplate": false,
    "count": 0,
    "updated": 1540292057
  },
  {
    "id": "6950547a-8ba9-4245-be26-2f665d2774e2",
    "data": [
      {
        "text": "reset",
        "userDefined": false
      }
    ],
    "isTemplate": false,
    "count": 0,
    "updated": 1540456424
  },
  {
    "id": "1803dd8b-9e57-412e-ae5a-62f410c6eab5",
    "data": [
      {
        "text": "Greetings and salutations",
        "userDefined": false
      }
    ],
    "isTemplate": false,
    "count": 1,
    "updated": 1540456424
  },
  {
    "id": "babcb682-c0e2-444c-bba9-008cc900dcb5",
    "data": [
      {
        "text": "What\u0027s new?",
        "userDefined": false
      }
    ],
    "isTemplate": false,
    "count": 0,
    "updated": 1540456424
  },
  {
    "id": "79d34896-647a-4ccd-9004-a8130192ed43",
    "data": [
      {
        "text": "What\u0027s the word?",
        "userDefined": false
      }
    ],
    "isTemplate": false,
    "count": 0,
    "updated": 1540456424
  },
  {
    "id": "839efb3f-0c94-4fb8-b126-fd025a639110",
    "data": [
      {
        "text": "Long time no see",
        "userDefined": false
      }
    ],
    "isTemplate": false,
    "count": 0,
    "updated": 1540456424
  },
  {
    "id": "21e457b9-f91a-42ad-9577-09959ed8b678",
    "data": [
      {
        "text": "How are ",
        "userDefined": false
      },
      {
        "text": "you",
        "meta": "@sys.ignore",
        "userDefined": false
      }
    ],
    "isTemplate": false,
    "count": 0,
    "updated": 1540456424
  },
  {
    "id": "9e4959c9-b02f-41d1-a25b-574d7d06107a",
    "data": [
      {
        "text": "Hey boo",
        "userDefined": false
      }
    ],
    "isTemplate": false,
    "count": 0,
    "updated": 1540456424
  },
  {
    "id": "aec4e7c6-4924-4713-b8bc-659999282017",
    "data": [
      {
        "text": "What\u0027s happening",
        "userDefined": false
      }
    ],
    "isTemplate": false,
    "count": 0,
    "updated": 1540456424
  },
  {
    "id": "c7519896-49ce-4101-9cea-451428b78b4f",
    "data": [
      {
        "text": "Nice to see ",
        "userDefined": false
      },
      {
        "text": "you",
        "meta": "@sys.ignore",
        "userDefined": false
      }
    ],
    "isTemplate": false,
    "count": 0,
    "updated": 1540456424
  },
  {
    "id": "f8df2519-0c1a-4b04-968e-8ae0339d2765",
    "data": [
      {
        "text": "great to see ",
        "userDefined": false
      },
      {
        "text": "you",
        "meta": "@sys.ignore",
        "userDefined": false
      }
    ],
    "isTemplate": false,
    "count": 0,
    "updated": 1540456424
  },
  {
    "id": "727f53cc-04a3-4712-979a-6f3073df7a9f",
    "data": [
      {
        "text": "Good to see ",
        "userDefined": false
      },
      {
        "text": "you",
        "meta": "@sys.ignore",
        "userDefined": false
      }
    ],
    "isTemplate": false,
    "count": 0,
    "updated": 1540456424
  },
  {
    "id": "d41f83dc-4782-4118-83a2-7fd1e0270135",
    "data": [
      {
        "text": "how are things?",
        "userDefined": false
      }
    ],
    "isTemplate": false,
    "count": 0,
    "updated": 1540456424
  },
  {
    "id": "086d6d6f-4101-46ad-83f3-14da4eb3b6e6",
    "data": [
      {
        "text": "How\u0027s everything",
        "userDefined": false
      }
    ],
    "isTemplate": false,
    "count": 0,
    "updated": 1540456424
  },
  {
    "id": "4f05cf95-65fe-4562-94c4-4df2042522a9",
    "data": [
      {
        "text": "what\u0027s going on",
        "userDefined": false
      }
    ],
    "isTemplate": false,
    "count": 0,
    "updated": 1540456424
  },
  {
    "id": "1a2a6fdd-208f-4c0e-82e6-4508c2de0173",
    "data": [
      {
        "text": "hey what\u0027s up",
        "userDefined": false
      }
    ],
    "isTemplate": false,
    "count": 0,
    "updated": 1540456424
  },
  {
    "id": "33168ad3-76e2-46e7-89b7-be8e35ebe267",
    "data": [
      {
        "text": "Konnichiwa",
        "userDefined": false
      }
    ],
    "isTemplate": false,
    "count": 0,
    "updated": 1540456424
  },
  {
    "id": "35bb3a38-b2c8-480b-b8d4-ae6c7b16be25",
    "data": [
      {
        "text": "Ciao",
        "userDefined": false
      }
    ],
    "isTemplate": false,
    "count": 0,
    "updated": 1540456424
  },
  {
    "id": "bd428e96-eb12-4e63-8c58-672aec558c92",
    "data": [
      {
        "text": "Hallo",
        "userDefined": false
      }
    ],
    "isTemplate": false,
    "count": 0,
    "updated": 1540456424
  },
  {
    "id": "a748d393-a2bf-48a2-abaf-f11e3448d30c",
    "data": [
      {
        "text": "Que pasa",
        "userDefined": false
      }
    ],
    "isTemplate": false,
    "count": 0,
    "updated": 1540456424
  },
  {
    "id": "afe73217-5137-47a7-8d6c-67d61a75dca1",
    "data": [
      {
        "text": "Hola",
        "userDefined": false
      }
    ],
    "isTemplate": false,
    "count": 0,
    "updated": 1540456424
  },
  {
    "id": "76b110fa-e07d-44b6-8611-5b89c6709fc7",
    "data": [
      {
        "text": "Aloha",
        "userDefined": false
      }
    ],
    "isTemplate": false,
    "count": 0,
    "updated": 1540456424
  },
  {
    "id": "793d13c1-dce2-4296-8594-9d5e3be52771",
    "data": [
      {
        "text": "hey ",
        "userDefined": false
      },
      {
        "text": "you",
        "meta": "@sys.ignore",
        "userDefined": false
      }
    ],
    "isTemplate": false,
    "count": 1,
    "updated": 1540456424
  },
  {
    "id": "71ba3bb8-8826-4ae1-b4ea-944a5f3b0355",
    "data": [
      {
        "text": "Why hello there",
        "userDefined": false
      }
    ],
    "isTemplate": false,
    "count": 0,
    "updated": 1540456424
  },
  {
    "id": "324a04f6-d38a-4feb-994a-652335d306c3",
    "data": [
      {
        "text": "how ",
        "userDefined": false
      },
      {
        "text": "you",
        "meta": "@sys.ignore",
        "userDefined": false
      },
      {
        "text": " doin?",
        "userDefined": false
      }
    ],
    "isTemplate": false,
    "count": 0,
    "updated": 1540456424
  },
  {
    "id": "63ba9430-9966-43d2-9b2f-a6af9bbef317",
    "data": [
      {
        "text": "ello",
        "userDefined": false
      }
    ],
    "isTemplate": false,
    "count": 0,
    "updated": 1540456424
  },
  {
    "id": "4b6c553b-6238-434c-9fb3-4d954d27f525",
    "data": [
      {
        "text": "Whaddup",
        "userDefined": false
      }
    ],
    "isTemplate": false,
    "count": 0,
    "updated": 1540456424
  },
  {
    "id": "e7fe48de-c82c-42c2-874e-94a3a383e0fc",
    "data": [
      {
        "text": "You",
        "meta": "@sys.ignore",
        "userDefined": false
      },
      {
        "text": " know who this is",
        "userDefined": false
      }
    ],
    "isTemplate": false,
    "count": 0,
    "updated": 1540456424
  },
  {
    "id": "2b3780e5-5cc6-41df-b08d-6be464b6be42",
    "data": [
      {
        "text": "Hello, my name is ",
        "userDefined": false
      },
      {
        "text": "Inigo",
        "meta": "@sys.ignore",
        "userDefined": false
      },
      {
        "text": " Montoya",
        "userDefined": false
      }
    ],
    "isTemplate": false,
    "count": 0,
    "updated": 1540456424
  },
  {
    "id": "05eb5e8b-1bef-4c79-ac0b-5ae9d37302ae",
    "data": [
      {
        "text": "sup homeslice",
        "userDefined": false
      }
    ],
    "isTemplate": false,
    "count": 0,
    "updated": 1540456424
  },
  {
    "id": "9e543fc8-e697-4528-a0ba-053110d5debe",
    "data": [
      {
        "text": "Hiya",
        "userDefined": false
      }
    ],
    "isTemplate": false,
    "count": 0,
    "updated": 1540456424
  },
  {
    "id": "776adcde-8fc1-4197-ad82-e9ada76dc238",
    "data": [
      {
        "text": "matey",
        "userDefined": false
      }
    ],
    "isTemplate": false,
    "count": 0,
    "updated": 1540456424
  },
  {
    "id": "fd5d2224-1d12-4194-9aeb-52d676f836ec",
    "data": [
      {
        "text": "Ahoy",
        "userDefined": false
      }
    ],
    "isTemplate": false,
    "count": 0,
    "updated": 1540456424
  },
  {
    "id": "19c22d27-a6c8-4684-9bc8-357249e9c885",
    "data": [
      {
        "text": "I come in peace",
        "userDefined": false
      }
    ],
    "isTemplate": false,
    "count": 0,
    "updated": 1540456424
  },
  {
    "id": "021fd3f3-2f3b-4b16-9044-8eb38199dba9",
    "data": [
      {
        "text": "Hi mister",
        "userDefined": false
      }
    ],
    "isTemplate": false,
    "count": 0,
    "updated": 1540456424
  },
  {
    "id": "84130980-2d5f-4e82-943a-a595c470c6f7",
    "data": [
      {
        "text": "Boo",
        "userDefined": false
      }
    ],
    "isTemplate": false,
    "count": 0,
    "updated": 1540456424
  },
  {
    "id": "6864327c-a2f0-4fb2-8b5b-bf547daa115b",
    "data": [
      {
        "text": "What\u0027s kickin",
        "userDefined": false
      }
    ],
    "isTemplate": false,
    "count": 0,
    "updated": 1540456424
  },
  {
    "id": "8ca338ab-9882-4fb1-8dab-75316f37abb6",
    "data": [
      {
        "text": "Howdy partner",
        "userDefined": false
      }
    ],
    "isTemplate": false,
    "count": 0,
    "updated": 1540456424
  },
  {
    "id": "fbf28636-7e56-42f7-866e-6626a63d8632",
    "data": [
      {
        "text": "Hello sunshine",
        "userDefined": false
      }
    ],
    "isTemplate": false,
    "count": 0,
    "updated": 1540456424
  },
  {
    "id": "3da1801c-4a7e-4d17-acc0-6cbafe18f5eb",
    "data": [
      {
        "text": "Howdy",
        "userDefined": false
      }
    ],
    "isTemplate": false,
    "count": 0,
    "updated": 1540456424
  },
  {
    "id": "b6dbb41e-f3be-4cca-ba4f-080d9805132f",
    "data": [
      {
        "text": "Whazzup",
        "userDefined": false
      }
    ],
    "isTemplate": false,
    "count": 0,
    "updated": 1540456424
  },
  {
    "id": "4aef7d87-8d60-4007-abb2-d568adbb0f9b",
    "data": [
      {
        "text": "then what\u0027s up",
        "userDefined": false
      }
    ],
    "isTemplate": false,
    "count": 0,
    "updated": 1540456424
  },
  {
    "id": "03c99d0e-47a1-431f-ad05-120f053c76c3",
    "data": [
      {
        "text": "what\u0027s cracking",
        "userDefined": false
      }
    ],
    "isTemplate": false,
    "count": 0,
    "updated": 1540456424
  },
  {
    "id": "4141de5d-8997-48ee-8ea1-af1dd36d08a8",
    "data": [
      {
        "text": "I said what\u0027s up",
        "userDefined": false
      }
    ],
    "isTemplate": false,
    "count": 0,
    "updated": 1540456424
  },
  {
    "id": "8cf83ab0-e963-4fcb-8e03-0c157e85ccc4",
    "data": [
      {
        "text": "what\u0027s the deal",
        "userDefined": false
      }
    ],
    "isTemplate": false,
    "count": 1,
    "updated": 1540456424
  },
  {
    "id": "ad557e9d-7c07-4fe1-8792-beedb99c69c3",
    "data": [
      {
        "text": "good what\u0027s up",
        "userDefined": false
      }
    ],
    "isTemplate": false,
    "count": 0,
    "updated": 1540456424
  },
  {
    "id": "2849553a-22a2-430f-84e2-951f2781027a",
    "data": [
      {
        "text": "what\u0027s cooking",
        "userDefined": false
      }
    ],
    "isTemplate": false,
    "count": 0,
    "updated": 1540456424
  },
  {
    "id": "935f10a9-b0ba-4c56-8250-374760883bce",
    "data": [
      {
        "text": "what\u0027s up",
        "userDefined": false
      }
    ],
    "isTemplate": false,
    "count": 0,
    "updated": 1540456424
  },
  {
    "id": "58b92c5b-039d-4946-8713-b309b6c7eec7",
    "data": [
      {
        "text": "sup",
        "userDefined": false
      }
    ],
    "isTemplate": false,
    "count": 0,
    "updated": 1540456424
  },
  {
    "id": "acb54270-be19-44c9-8ef3-e536fac98426",
    "data": [
      {
        "text": "what\u0027s up ",
        "userDefined": false
      },
      {
        "text": "today",
        "meta": "@sys.ignore",
        "userDefined": false
      }
    ],
    "isTemplate": false,
    "count": 0,
    "updated": 1540456424
  },
  {
    "id": "de2706a2-3fae-4b91-aafb-e909d1c76bcf",
    "data": [
      {
        "text": "wassup",
        "userDefined": false
      }
    ],
    "isTemplate": false,
    "count": 0,
    "updated": 1540456424
  },
  {
    "id": "bf5671db-3f48-4a6f-97e4-d4e30b465ab4",
    "data": [
      {
        "text": "what\u0027s shaking",
        "userDefined": false
      }
    ],
    "isTemplate": false,
    "count": 2,
    "updated": 1540456424
  },
  {
    "id": "75b2d0d0-5264-4194-97d2-3f3e481c0e6d",
    "data": [
      {
        "text": "what is up",
        "userDefined": false
      }
    ],
    "isTemplate": false,
    "count": 0,
    "updated": 1540456424
  },
  {
    "id": "46137d54-6b8a-45e6-a824-e5bd134ff4f8",
    "data": [
      {
        "text": "Hi ",
        "userDefined": false
      },
      {
        "text": "bot",
        "meta": "@sys.ignore",
        "userDefined": false
      }
    ],
    "isTemplate": false,
    "count": 0,
    "updated": 1540456424
  },
  {
    "id": "cec17769-a3dc-4535-8e4c-327023cd22a2",
    "data": [
      {
        "text": "what is happening",
        "userDefined": false
      }
    ],
    "isTemplate": false,
    "count": 0,
    "updated": 1540456424
  },
  {
    "id": "5547a9bb-69b5-4dfe-8248-c406912376c9",
    "data": [
      {
        "text": "what is going on",
        "userDefined": false
      }
    ],
    "isTemplate": false,
    "count": 0,
    "updated": 1540456424
  },
  {
    "id": "572f1464-bffe-45ed-8cfa-53b8b9319af2",
    "data": [
      {
        "text": "bonjour",
        "userDefined": false
      }
    ],
    "isTemplate": false,
    "count": 0,
    "updated": 1540456424
  },
  {
    "id": "8114e762-037c-4dda-ad03-91b9a934c5da",
    "data": [
      {
        "text": "good afternoon",
        "userDefined": false
      }
    ],
    "isTemplate": false,
    "count": 0,
    "updated": 1540456424
  },
  {
    "id": "41526cf5-a264-44fb-a06c-790831cf60db",
    "data": [
      {
        "text": "good day",
        "userDefined": false
      }
    ],
    "isTemplate": false,
    "count": 0,
    "updated": 1540456424
  },
  {
    "id": "ab699d2a-304f-49a8-b83e-7bd7d7f11911",
    "data": [
      {
        "text": "ola",
        "userDefined": false
      }
    ],
    "isTemplate": false,
    "count": 0,
    "updated": 1540456424
  },
  {
    "id": "39615bf0-8aac-4da9-9d46-9eee41602b60",
    "data": [
      {
        "text": "let\u0027s talk",
        "userDefined": false
      }
    ],
    "isTemplate": false,
    "count": 0,
    "updated": 1540456424
  },
  {
    "id": "04d4c7b2-5d8b-48e0-84a9-7c96f02e8c07",
    "data": [
      {
        "text": "can we ",
        "userDefined": false
      },
      {
        "text": "chat",
        "meta": "@sys.ignore",
        "userDefined": false
      }
    ],
    "isTemplate": false,
    "count": 0,
    "updated": 1540456424
  },
  {
    "id": "f2efb155-4e8d-4d8d-b87e-b8aea51cb522",
    "data": [
      {
        "text": "pleasure to meet",
        "userDefined": false
      }
    ],
    "isTemplate": false,
    "count": 0,
    "updated": 1540456424
  },
  {
    "id": "c1894930-a3df-48f4-9efb-0d53480d5592",
    "data": [
      {
        "text": "glad to meet ",
        "userDefined": false
      },
      {
        "text": "you",
        "meta": "@sys.ignore",
        "userDefined": false
      }
    ],
    "isTemplate": false,
    "count": 0,
    "updated": 1540456424
  },
  {
    "id": "e815071b-c50d-48d2-8d6a-becaf9bec236",
    "data": [
      {
        "text": "pleasure to meet ",
        "userDefined": false
      },
      {
        "text": "you",
        "meta": "@sys.ignore",
        "userDefined": false
      }
    ],
    "isTemplate": false,
    "count": 0,
    "updated": 1540456424
  },
  {
    "id": "1b7a68f8-e61b-4cbb-89c4-f4d5af7cc4f1",
    "data": [
      {
        "text": "it\u0027s nice to meet ",
        "userDefined": false
      },
      {
        "text": "you",
        "meta": "@sys.ignore",
        "userDefined": false
      }
    ],
    "isTemplate": false,
    "count": 0,
    "updated": 1540456424
  },
  {
    "id": "e33eceaa-2be4-4434-8c5c-2dbd085be306",
    "data": [
      {
        "text": "please to meet ",
        "userDefined": false
      },
      {
        "text": "you",
        "meta": "@sys.ignore",
        "userDefined": false
      }
    ],
    "isTemplate": false,
    "count": 0,
    "updated": 1540456424
  },
  {
    "id": "0da01853-671d-4b8d-9d48-b6d1118ae9df",
    "data": [
      {
        "text": "nice meeting ",
        "userDefined": false
      },
      {
        "text": "you",
        "meta": "@sys.ignore",
        "userDefined": false
      }
    ],
    "isTemplate": false,
    "count": 0,
    "updated": 1540456424
  },
  {
    "id": "b3e87480-e170-46c1-86dd-302f12af7e32",
    "data": [
      {
        "text": "nice to meet ",
        "userDefined": false
      },
      {
        "text": "you",
        "meta": "@sys.ignore",
        "userDefined": false
      }
    ],
    "isTemplate": false,
    "count": 0,
    "updated": 1540456424
  },
  {
    "id": "23bf28cf-63ea-40e3-bbe6-2c00eef2f0b7",
    "data": [
      {
        "text": "good to know ",
        "userDefined": false
      },
      {
        "text": "you",
        "meta": "@sys.ignore",
        "userDefined": false
      }
    ],
    "isTemplate": false,
    "count": 1,
    "updated": 1540456424
  },
  {
    "id": "786af2fa-888e-4d61-8bc4-9485f3cf306d",
    "data": [
      {
        "text": "hello there",
        "userDefined": false
      }
    ],
    "isTemplate": false,
    "count": 0,
    "updated": 1540456424
  },
  {
    "id": "f1a33fc4-aacb-4ebb-aaea-04368df2d166",
    "data": [
      {
        "text": "good morning there",
        "userDefined": false
      }
    ],
    "isTemplate": false,
    "count": 0,
    "updated": 1540456424
  },
  {
    "id": "091bd325-429f-416c-8d12-edb4677c867b",
    "data": [
      {
        "text": "and a good morning to ",
        "userDefined": false
      },
      {
        "text": "you",
        "meta": "@sys.ignore",
        "userDefined": false
      }
    ],
    "isTemplate": false,
    "count": 0,
    "updated": 1540456424
  },
  {
    "id": "b23716d3-b346-4aa1-a7a4-6eaeb779b592",
    "data": [
      {
        "text": "good morning to you",
        "userDefined": false
      }
    ],
    "isTemplate": false,
    "count": 0,
    "updated": 1540456424
  },
  {
    "id": "2ac1ce51-fd8d-4702-bc41-2453b188fd28",
    "data": [
      {
        "text": "hello good morning",
        "userDefined": false
      }
    ],
    "isTemplate": false,
    "count": 0,
    "updated": 1540456424
  },
  {
    "id": "cf530307-9294-4b71-a001-8e5ad56badd0",
    "data": [
      {
        "text": "hi good morning",
        "userDefined": false
      }
    ],
    "isTemplate": false,
    "count": 0,
    "updated": 1540456424
  },
  {
    "id": "d98baa01-2383-43f0-9898-fc810120bbbd",
    "data": [
      {
        "text": "good morning",
        "userDefined": false
      }
    ],
    "isTemplate": false,
    "count": 1,
    "updated": 1540456424
  },
  {
    "id": "ce48c7be-4f7f-4072-9715-99599e0c91c6",
    "data": [
      {
        "text": "good morning ",
        "userDefined": false
      },
      {
        "text": "you",
        "meta": "@sys.ignore",
        "userDefined": true
      }
    ],
    "isTemplate": false,
    "count": 0,
    "updated": 1540456424
  },
  {
    "id": "21109378-8225-4c81-9fa4-1efdaba1ac2f",
    "data": [
      {
        "text": "good evening ",
        "userDefined": false
      },
      {
        "text": "you",
        "meta": "@sys.ignore",
        "userDefined": false
      }
    ],
    "isTemplate": false,
    "count": 0,
    "updated": 1540456424
  },
  {
    "id": "6470ca16-337a-47de-a7a0-ed832ca08fc0",
    "data": [
      {
        "text": "good evening",
        "userDefined": false
      }
    ],
    "isTemplate": false,
    "count": 0,
    "updated": 1540456424
  },
  {
    "id": "ec772127-f6a0-480f-8584-a87293dbe8eb",
    "data": [
      {
        "text": "hey good evening",
        "userDefined": false
      }
    ],
    "isTemplate": false,
    "count": 0,
    "updated": 1540456424
  },
  {
    "id": "cfdf3382-74dd-433c-8593-96ebdf04126a",
    "data": [
      {
        "text": "whats up?",
        "userDefined": false
      }
    ],
    "isTemplate": false,
    "count": 0,
    "updated": 1540456424
  },
  {
    "id": "a2d29dde-7300-4367-8ed6-25587e7fae8d",
    "data": [
      {
        "text": "hey there",
        "userDefined": false
      }
    ],
    "isTemplate": false,
    "count": 0,
    "updated": 1540456424
  },
  {
    "id": "11721548-2990-4eb1-affb-27ebc5ca28a2",
    "data": [
      {
        "text": "yo",
        "userDefined": false
      }
    ],
    "isTemplate": false,
    "count": 1,
    "updated": 1540456424
  },
  {
    "id": "9c898e08-570f-4116-842d-1693bd592845",
    "data": [
      {
        "text": "greetings",
        "userDefined": false
      }
    ],
    "isTemplate": false,
    "count": 0,
    "updated": 1540456424
  },
  {
    "id": "a4cb619d-12b8-4302-8770-760cfae44a84",
    "data": [
      {
        "text": "hello",
        "userDefined": false
      }
    ],
    "isTemplate": false,
    "count": 0,
    "updated": 1540456424
  },
  {
    "id": "08a884d6-bf89-44a1-9ef5-dab7fc15117b",
    "data": [
      {
        "text": "começar",
        "userDefined": false
      }
    ],
    "isTemplate": false,
    "count": 0,
    "updated": 1540456424
  },
  {
    "id": "e02b4cf6-bb18-49b7-9d5c-fca3e4d5439e",
    "data": [
      {
        "text": "hi",
        "userDefined": false
      }
    ],
    "isTemplate": false,
    "count": 0,
    "updated": 1540456424
  },
  {
    "id": "053907fe-2e81-4a84-902d-f4f52b3fdb53",
    "data": [
      {
        "text": "you",
        "userDefined": false
      }
    ],
    "isTemplate": false,
    "count": 0,
    "updated": 1540456424
  },
  {
    "id": "375f2ba5-28a7-4edc-953b-745ead6ef53e",
    "data": [
      {
        "text": "hey",
        "userDefined": false
      }
    ],
    "isTemplate": false,
    "count": 0,
    "updated": 1540456424
  }
]